ID,Server,Channel,Content Length, Content
558107086580350996,MINECRAFT,off-topic,62,Hey <@!237317681840259073>_ you just advanced to **level 1** !
558108104907161600,MINECRAFT,off-topic,62,Hey <@!531887269532008461>_ you just advanced to **level 2** !
558108430850588675,MINECRAFT,minecraft,63,Hey <@!338579309205913600>_ you just advanced to **level 73** !
558108874402562068,MINECRAFT,minecraft,62,Hey <@!289513926813679616>_ you just advanced to **level 1** !
558109198328528914,MINECRAFT,bot-commands,0,
558110135428448297,MINECRAFT,bot-commands,0,
558111028609810433,MINECRAFT,bot-commands,0,
558111073233010718,MINECRAFT,off-topic,62,Hey <@!557917077382365194>_ you just advanced to **level 6** !
558111261984948245,MINECRAFT,bot-commands,0,
558111285099626525,MINECRAFT,bot-commands,0,
558111722221731866,MINECRAFT,off-topic,62,Hey <@!289513926813679616>_ you just advanced to **level 2** !
558112658763808793,MINECRAFT,bedrock-store-feedback,62,Hey <@!492469115907473438>_ you just advanced to **level 1** !
558112738921021472,MINECRAFT,off-topic,62,Hey <@!296468824104894464>_ you just advanced to **level 6** !
558113506508013599,MINECRAFT,minecraft,62,Hey <@!508000673946927136>_ you just advanced to **level 7** !
558113627735982090,MINECRAFT,minecraft,62,Hey <@!545841154445279242>_ you just advanced to **level 1** !
558113732379803648,MINECRAFT,minecraft,94,zayden.mccalister_ this command is disabled in this channel. <:SMILESWEAT6:403540174069432320>
558113795487039510,MINECRAFT,bot-commands,0,
558114855282802698,MINECRAFT,off-topic,62,Hey <@!289513926813679616>_ you just advanced to **level 3** !
558114957112246292,MINECRAFT,bot-commands,0,
558114958265679873,MINECRAFT,bot-commands,0,
558114959297478656,MINECRAFT,bot-commands,0,
558115050444029953,MINECRAFT,bot-commands,49,<@!557300327540588564> was blown up by a creeper!
558115110900596736,MINECRAFT,minecraft,62,Hey <@!186309947900821505>_ you just advanced to **level 3** !
558115167871827979,MINECRAFT,bot-commands,27,**Worst Realm Ever Coords**
558115373686194187,MINECRAFT,off-topic,62,Hey <@!532707816616493075>_ you just advanced to **level 3** !
558115727421341719,MINECRAFT,minecraft,63,Hey <@!379743566123106306>_ you just advanced to **level 13** !
558116093370040320,MINECRAFT,minecraft,62,Hey <@!221768323375955968>_ you just advanced to **level 3** !
558116496497180676,MINECRAFT,minecraft,62,Hey <@!540672438753689601>_ you just advanced to **level 2** !
558116782662221835,MINECRAFT,builds,62,Hey <@!252231149571538944>_ you just advanced to **level 4** !
558116802396160010,MINECRAFT,skins-n-textures,62,Hey <@!557675129182879764>_ you just advanced to **level 6** !
558116853759737896,MINECRAFT,skins-n-textures,62,Hey <@!556078600126988288>_ you just advanced to **level 1** !
558116999658471434,MINECRAFT,bedrock-store-feedback,62,Hey <@!436621585882021891>_ you just advanced to **level 1** !
558117146580746243,MINECRAFT,bot-commands,0,
558117417616670732,MINECRAFT,bot-commands,0,
558118037710962734,MINECRAFT,bot-commands,0,
558427513949388800,MINECRAFT,minecraft,62,Hey <@!556939442074419231>_ you just advanced to **level 1** !
558428093321314314,Discord of a Wimpy Kid,r-lodeddiper,0,
558428518539722773,MINECRAFT,bot-commands,0,
558428610566815764,MINECRAFT,beta-n-bugs,62,Hey <@!353299391676809217>_ you just advanced to **level 5** !
558428831552372757,MINECRAFT,bot-commands,0,
558429090344861715,MINECRAFT,bot-commands,0,
558429347921395712,Egg_ Inc,welcome,272,Hey <@427129340514533378>_ welcome to **Egg_ Inc**.NLNLPlease check out <#455385905499340813> _ <#455403745899970560> and <#455396915731890177> to get started. Post a screenshot of your prestige screen in <#455385874788777994> to get access to many more channels. Thank you!
558429475109601280,MINECRAFT,minecraft,62,Hey <@!302605636540039170>_ you just advanced to **level 1** !
558429588217135124,MINECRAFT,minecraft,62,Hey <@!331114580933738496>_ you just advanced to **level 1** !
558429777644486669,MINECRAFT,bot-commands,0,
558429974487367707,MINECRAFT,bot-commands,0,
558430201026183189,MINECRAFT,minecraft,62,Hey <@!407517306189512704>_ you just advanced to **level 2** !
558430352985817090,MINECRAFT,minecraft,62,Hey <@!446463177161572352>_ you just advanced to **level 2** !
558430816460603395,MINECRAFT,bot-commands,0,
558431095285088266,MINECRAFT,minecraft,62,Hey <@!401024829748412426>_ you just advanced to **level 2** !
558431285387853824,MINECRAFT,minecraft,62,Hey <@!555185948527427595>_ you just advanced to **level 5** !
558431349757968384,MINECRAFT,minecraft,49,<@!240989396122337282> was blown up by a creeper!
558431452988047404,MINECRAFT,minecraft,49,<@!486219260293545988> was blown up by a creeper!
558431526862192650,MINECRAFT,minecraft,49,<@!407517306189512704> was blown up by a creeper!
558431583510462470,MINECRAFT,minecraft,49,<@!555185948527427595> was blown up by a creeper!
558433054222450688,MINECRAFT,skins-n-textures,62,Hey <@!494306144320356352>_ you just advanced to **level 1** !
558433219863642132,Discord of a Wimpy Kid,r-lodeddiper,0,
558433411291676682,MINECRAFT,skins-n-textures,62,Hey <@!553250001317396493>_ you just advanced to **level 2** !
558433593987432451,MINECRAFT,support,62,Hey <@!483384366328840193>_ you just advanced to **level 1** !
558433938234671105,MINECRAFT,technical-java,62,Hey <@!245669771071324183>_ you just advanced to **level 6** !
558434135031414795,MINECRAFT,bot-commands,0,
558434500548231168,MINECRAFT,minecraft,62,Hey <@!464196461555351553>_ you just advanced to **level 1** !
558434622522785802,MINECRAFT,bot-commands,0,
558434633709256704,MINECRAFT,bot-commands,0,
558434702365556746,MINECRAFT,bot-commands,0,
558434735102099476,MINECRAFT,bot-commands,118,Go check **MINECRAFT**'s leaderboard here https://mee6.xyz/leaderboard/302094807046684672. <:WINK6:403540173566115840>
558434902819733505,MINECRAFT,minecraft,62,Hey <@!252932811139317772>_ you just advanced to **level 1** !
558435766250897438,Discord of a Wimpy Kid,r-lodeddiper,0,
558435868759818248,/r/oldpeoplefacebook,ballroom-dancing,39,Try ordering corn. Just type !ordercorn
558436161744273429,Discord of a Wimpy Kid,r-okbubbyretard,0,
558436274831097860,MINECRAFT,bot-commands,0,
558436374286434317,MINECRAFT,minecraft,62,Hey <@!532998301079830529>_ you just advanced to **level 2** !
558436376836833280,MINECRAFT,minecraft,62,Hey <@!558231052670337038>_ you just advanced to **level 7** !
558437204515487770,MINECRAFT,minecraft,62,Hey <@!252932811139317772>_ you just advanced to **level 2** !
558437417334603786,MINECRAFT,skins-n-textures,62,Hey <@!508043373437779989>_ you just advanced to **level 1** !
558437875952123904,MINECRAFT,bot-commands,0,
558437982202232833,MINECRAFT,bot-commands,0,
558438322670927882,MINECRAFT,minecraft,62,Hey <@!543943370960273411>_ you just advanced to **level 1** !
558438419773259843,MINECRAFT,bot-commands,0,
558438588866494467,MINECRAFT,bot-commands,0,
558438671976628235,MINECRAFT,bot-commands,0,
558438778780254230,MINECRAFT,minecraft,62,Hey <@!446463177161572352>_ you just advanced to **level 3** !
558439203986210836,MINECRAFT,bot-commands,0,
558439227843674113,MINECRAFT,bot-commands,0,
558439254464790538,MINECRAFT,off-topic,62,Hey <@!557917077382365194>_ you just advanced to **level 7** !
558439316397752341,MINECRAFT,bot-commands,0,
558439351940415507,MINECRAFT,minecraft,62,Hey <@!467347942865633280>_ you just advanced to **level 2** !
558439465702522906,MINECRAFT,off-topic,62,Hey <@!553250001317396493>_ you just advanced to **level 3** !
558439542311485468,MINECRAFT,beta-n-bugs,62,Hey <@!241379875485777921>_ you just advanced to **level 1** !
558439715125067778,MINECRAFT,bot-commands,0,
558440100137009163,MINECRAFT,bot-commands,0,
558440146765217823,MINECRAFT,bot-commands,118,Go check **MINECRAFT**'s leaderboard here https://mee6.xyz/leaderboard/302094807046684672. <:WINK6:403540173566115840>
558440437174763522,MINECRAFT,bot-commands,0,
558440491528486913,MINECRAFT,minecraft,97,Ralph "RE" Esquivias_ this command is disabled in this channel. <:SMILESWEAT6:403540174069432320>
558440566803660800,MINECRAFT,bot-commands,0,
558440609937883171,MINECRAFT,bot-commands,0,
558440744340291584,MINECRAFT,bot-commands,0,
558440815509110785,MINECRAFT,minecraft,62,Hey <@!212240200187904001>_ you just advanced to **level 1** !
558441093079760935,Discord of a Wimpy Kid,general,60,Oh_ cool. <@!499771809038598145>_ you just reached level 15!
558441197769719809,MINECRAFT,bot-commands,0,
558441229394640897,MINECRAFT,bot-commands,0,
558441280317947915,MINECRAFT,bot-commands,0,
558441467064877056,/r/oldpeoplefacebook,buffet-line,64,I HEARD THAT A LOT OF ROOMS ARE SMALL AND YOU CAN GET COSOFOMBIA
558441467195031572,/r/oldpeoplefacebook,buffet-line,41,WHAT EVER HAPPENED TO THE MAYALSA FLIGHT?
558441552221962268,Comedy Heaven,comedy-hell,0,
558441772766986262,MINECRAFT,bot-commands,0,
558442058243899392,Comedy Heaven,general,91,Neko Viper-San_ this command is disabled in this channel. <:SMILESWEAT6:403540174069432320>
558442106847494146,Comedy Heaven,bot-commands,0,
558442169027919873,Comedy Heaven,bot-commands,0,
558443082501324800,MINECRAFT,minecraft,62,Hey <@!269665297152081922>_ you just advanced to **level 3** !
558443128114380802,MINECRAFT,bot-commands,0,
558443299556294667,MINECRAFT,support,62,Hey <@!483087035972976642>_ you just advanced to **level 9** !
558443853137575937,MINECRAFT,minecraft,62,Hey <@!526250191775596565>_ you just advanced to **level 3** !
558443908284284938,Discord of a Wimpy Kid,r-lodeddiper,0,
558443924855717899,FlareTV - PewDiePie vs T-Series,commands,0,
558444043307057153,MINECRAFT,off-topic,62,Hey <@!252932811139317772>_ you just advanced to **level 3** !
558444713766813706,FlareTV - PewDiePie vs T-Series,commands,0,
558444854129197059,MINECRAFT,minecraft,62,Hey <@!484506513881169940>_ you just advanced to **level 3** !
558444928682950656,MINECRAFT,minecraft,62,Hey <@!449991436167807003>_ you just advanced to **level 1** !
558445739609686016,Discord of a Wimpy Kid,r-lodeddiper,0,
558446064001089557,MINECRAFT,minecraft,62,Hey <@!211684241476419595>_ you just advanced to **level 6** !
558446497470087198,MINECRAFT,minecraft,62,Hey <@!300743188254031879>_ you just advanced to **level 5** !
558446572371968002,MINECRAFT,minecraft,62,Hey <@!539008035876634624>_ you just advanced to **level 1** !
558446590172594176,FlareTV - PewDiePie vs T-Series,commands,0,
558446841385975817,MINECRAFT,off-topic,62,Hey <@!350790278334119936>_ you just advanced to **level 1** !
558447070869061643,FlareTV - PewDiePie vs T-Series,commands,0,
558447211093164064,FlareTV - PewDiePie vs T-Series,commands,0,
558447576081367041,MINECRAFT,bot-commands,0,
558447840054083604,MINECRAFT,bot-commands,118,Go check **MINECRAFT**'s leaderboard here https://mee6.xyz/leaderboard/302094807046684672. <:WINK6:403540173566115840>
558448255478792193,MINECRAFT,technical-java,62,Hey <@!427497508340760586>_ you just advanced to **level 1** !
558448990887084042,MINECRAFT,minecraft,62,Hey <@!187735498905616384>_ you just advanced to **level 1** !
558449267228934154,MINECRAFT,minecraft,62,Hey <@!309173989673009162>_ you just advanced to **level 2** !
558449289123069955,MINECRAFT,off-topic,62,Hey <@!267518292040744963>_ you just advanced to **level 1** !
558449349382897665,MINECRAFT,bot-commands,0,
558449374993055749,MINECRAFT,bot-commands,0,
558449559790157836,FlareTV - PewDiePie vs T-Series,commands,0,
558449568531087372,FlareTV - PewDiePie vs T-Series,commands,140,Go check **FlareTV - PewDiePie vs T-Series**'s leaderboard here https://mee6.xyz/leaderboard/513855202797813791. <:WINK6:403540173566115840>
558450094597472276,MINECRAFT,minecraft,62,Hey <@!504078947181527050>_ you just advanced to **level 2** !
558450180089970698,MINECRAFT,bot-commands,0,
558450205717168149,MINECRAFT,bot-commands,0,
558450560999751687,MINECRAFT,minecraft,63,Hey <@!394135717212848160>_ you just advanced to **level 10** !
558450624799309825,MINECRAFT,minecraft,62,Hey <@!528072705694629889>_ you just advanced to **level 1** !
558450849593163776,MINECRAFT,minecraft,62,Hey <@!484506513881169940>_ you just advanced to **level 4** !
558450900189052928,MINECRAFT,off-topic,63,Hey <@!551428357867307029>_ you just advanced to **level 10** !
558450915179495434,MINECRAFT,minecraft,81,NEYS_ this command is disabled in this channel. <:SMILESWEAT6:403540174069432320>
558450983307313154,MINECRAFT,bot-commands,0,
558450991754641419,MINECRAFT,bot-commands,0,
558451242087612418,Discord of a Wimpy Kid,spam,0,
558451591099711537,MINECRAFT,off-topic,62,Hey <@!267518292040744963>_ you just advanced to **level 2** !
558451668484751388,MINECRAFT,minecraft,62,Hey <@!353272929691238401>_ you just advanced to **level 5** !
558452071460896784,MINECRAFT,minecraft,62,Hey <@!544329533973856256>_ you just advanced to **level 1** !
558452220526592021,MINECRAFT,minecraft,62,Hey <@!552333732636262422>_ you just advanced to **level 2** !
558452430573142028,FlareTV - PewDiePie vs T-Series,commands,0,
558452571795226648,MINECRAFT,minecraft,81,NEYS_ this command is disabled in this channel. <:SMILESWEAT6:403540174069432320>
558452615109804033,FlareTV - PewDiePie vs T-Series,commands,0,
558452722542837771,MINECRAFT,technical-java,62,Hey <@!245669771071324183>_ you just advanced to **level 7** !
558452729282953247,MINECRAFT,minecraft,62,Hey <@!554525011143163926>_ you just advanced to **level 4** !
558452808886517780,MINECRAFT,minecraft,62,Hey <@!525139531813355521>_ you just advanced to **level 1** !
558452817820647474,MINECRAFT,off-topic,62,Hey <@!252932811139317772>_ you just advanced to **level 4** !
558454168927600652,MINECRAFT,bot-commands,0,
558454459282489356,MINECRAFT,minecraft,62,Hey <@!343930022517669888>_ you just advanced to **level 2** !
558454900363624457,MINECRAFT,minecraft,62,Hey <@!556939442074419231>_ you just advanced to **level 2** !
558455026821890060,MINECRAFT,skins-n-textures,62,Hey <@!477501517340082195>_ you just advanced to **level 2** !
558455180220301333,FlareTV - PewDiePie vs T-Series,commands,0,
558456453376114689,MINECRAFT,minecraft,62,Hey <@!553032216423432192>_ you just advanced to **level 1** !
558456679033733121,Comedy Heaven,bot-commands,0,
558456735740854272,FlareTV - PewDiePie vs T-Series,commands,0,
558456993401143316,MINECRAFT,off-topic,62,Hey <@!267518292040744963>_ you just advanced to **level 3** !
558457456334864396,MINECRAFT,minecraft,62,Hey <@!528072705694629889>_ you just advanced to **level 2** !
558457768441544715,MINECRAFT,bot-commands,0,
558458506559225858,MINECRAFT,bot-commands,0,
558458825334849546,Discord of a Wimpy Kid,r-okbubbyretard,0,
558458953969827842,FlareTV - PewDiePie vs T-Series,commands,0,
558459013172559873,Comedy Heaven,bot-commands,0,
558459534595588126,Discord of a Wimpy Kid,general,60,Oh_ cool. <@!195703008410075136>_ you just reached level 20!
558459537208901857,Discord of a Wimpy Kid,r-lodeddiper,0,
558459824476520480,Discord of a Wimpy Kid,spam,0,
558460103544537089,MINECRAFT,technical-bedrock,62,Hey <@!513533237314977793>_ you just advanced to **level 7** !
558460343752327168,FlareTV - PewDiePie vs T-Series,commands,0,
558460659000541194,MINECRAFT,off-topic,62,Hey <@!525864883917553684>_ you just advanced to **level 1** !
558460774230786079,FlareTV - PewDiePie vs T-Series,commands,0,
558460797836066846,FlareTV - PewDiePie vs T-Series,commands,0,
558460947841155095,MINECRAFT,technical-bedrock,62,Hey <@!200021715370115072>_ you just advanced to **level 1** !
558461151168430122,Comedy Heaven,bot-commands,0,
558461466580090901,MINECRAFT,bot-commands,0,
558461568459997186,MINECRAFT,bot-commands,0,
558461583412559882,MINECRAFT,bot-commands,0,
558461636055269412,MINECRAFT,bot-commands,0,
558461694402101259,MINECRAFT,bot-commands,0,
558461778783109121,MINECRAFT,bot-commands,0,
558461946047889409,MINECRAFT,bot-commands,0,
558462613772828682,Comedy Heaven,bot-commands,0,
558462678620831744,MINECRAFT,off-topic,732,**Please note that members must reach the rank of Stone Miner in order to apply.**NLNLIf you want to apply to our community bedrock or java realms_ write a comment to the <#304638558113759232> or <#358003254191456257> channel and include answers to the following:NLNL:banana: reddit username (optional)NLNL:video_game: Xbox/Java username or IGNNLNL<:villager:302438918048186368> are you currently or have you previously been a member of another realm or server? if yes_ where?NLNL:camera_with_flash: share photos or describe your favorite build you have made (use imgur or your preferred source) NLNL:microphone: tell us a bit about yourself! NLNL**please include your entire application in one comment.**NLNL*for a sample application_ type ?t app*
558462831062941696,Discord of a Wimpy Kid,r-lodeddiper,0,
558462904513331200,FlareTV - PewDiePie vs T-Series,commands,0,
558462918195281933,FlareTV - PewDiePie vs T-Series,commands,0,
558463092724596736,FlareTV - PewDiePie vs T-Series,commands,65,Hey fam! davidjl123_ you need to wait  to use that command again!
558463251697106955,FlareTV - PewDiePie vs T-Series,commands,0,
558463288208523275,Discord of a Wimpy Kid,general,59,Oh_ cool. <@!469854429428973571>_ you just reached level 3!
558463332412031006,MINECRAFT,minecraft,62,Hey <@!178533381586419712>_ you just advanced to **level 2** !
558464208136568833,MINECRAFT,off-topic,63,Hey <@!553707595718983710>_ you just advanced to **level 14** !
558464417688322100,Comedy Heaven,general,0,
558464469450227749,FlareTV - PewDiePie vs T-Series,commands,140,Go check **FlareTV - PewDiePie vs T-Series**'s leaderboard here https://mee6.xyz/leaderboard/513855202797813791. <:WINK6:403540173566115840>
558464934501941279,MINECRAFT,bot-commands,0,
558464968819998721,FlareTV - PewDiePie vs T-Series,commands,0,
558464973958021171,MINECRAFT,bot-commands,0,
558465116639854593,MINECRAFT,bot-commands,0,
558465193328246805,MINECRAFT,bot-commands,0,
558465217588363286,MINECRAFT,bot-commands,0,
558465292531925023,MINECRAFT,bot-commands,0,
558465588159315970,FlareTV - PewDiePie vs T-Series,commands,0,
558465698104606721,FlareTV - PewDiePie vs T-Series,commands,0,
558466046248484864,MINECRAFT,bot-commands,118,Go check **MINECRAFT**'s leaderboard here https://mee6.xyz/leaderboard/302094807046684672. <:WINK6:403540173566115840>
558466145171013662,MINECRAFT,off-topic,62,Hey <@!501452643563077642>_ you just advanced to **level 9** !
558466232672583702,MINECRAFT,minecraft,90,acupofcovfefe_ this command is disabled in this channel. <:SMILESWEAT6:403540174069432320>
558466440475181068,MINECRAFT,minecraft,62,Hey <@!426545434895581185>_ you just advanced to **level 6** !
558466595714891826,MINECRAFT,bot-commands,0,
558466652694380568,MINECRAFT,minecraft,62,Hey <@!208553503835160577>_ you just advanced to **level 4** !
558467138457829386,MINECRAFT,bot-commands,0,
558467156979875840,/r/oldpeoplefacebook,buffet-line,103,<@553158501162287117> HAS JUST JOINED THE SERVER AND NEEDS SOME CORN :corn: <:debra:506967076347576321>
558467290505412611,MINECRAFT,minecraft,62,Hey <@!476080913986355200>_ you just advanced to **level 1** !
558467966832869376,Discord of a Wimpy Kid,suggestions,60,Oh_ cool. <@!321465607453147137>_ you just reached level 18!
558468090422099978,MINECRAFT,technical-bedrock,62,Hey <@!221768323375955968>_ you just advanced to **level 4** !
558468223381667841,MINECRAFT,bot-commands,0,
558468414533009469,Discord of a Wimpy Kid,r-lodeddiper,0,
558468458543710230,MINECRAFT,bot-commands,0,
558468485634719746,MINECRAFT,bot-commands,0,
558468820214480896,/r/oldpeoplefacebook,buffet-line,44,**king1400#4839** IS WITH THE LORD NOW ðŸ˜‚ðŸ˜‚ðŸ˜‚ðŸ˜‚ðŸ˜‚
558469174972776468,MINECRAFT,minecraft,62,Hey <@!536650558682038304>_ you just advanced to **level 1** !
558469254157041694,MINECRAFT,bot-commands,0,
558469265678925834,MINECRAFT,minecraft,84,cuck427_ this command is disabled in this channel. <:SMILESWEAT6:403540174069432320>
558469709792673792,MINECRAFT,bot-commands,0,
558469888943849475,MINECRAFT,bot-commands,0,
558470130061934602,MINECRAFT,minecraft,62,Hey <@!493151030033383455>_ you just advanced to **level 3** !
558470231735926806,MINECRAFT,bot-commands,0,
558470523437449217,MINECRAFT,bot-commands,0,
558470602852270087,MINECRAFT,bot-commands,0,
558470650457751553,MINECRAFT,bot-commands,0,
558470783920504846,MINECRAFT,off-topic,84,cuck427_ this command is disabled in this channel. <:SMILESWEAT6:403540174069432320>
558470822445056003,MINECRAFT,bot-commands,0,
558470822843383808,FlareTV - PewDiePie vs T-Series,commands,0,
558470999738286089,MINECRAFT,bot-commands,0,
558471129019318283,MINECRAFT,minecraft,62,Hey <@!515718876533751808>_ you just advanced to **level 1** !
558471357835509813,MINECRAFT,bot-commands,0,
558471499443601429,MINECRAFT,bot-commands,0,
558471853736329216,MINECRAFT,minecraft,62,Hey <@!557734965689712640>_ you just advanced to **level 2** !
558471903145230338,Comedy Heaven,bot-commands,0,
558471968890814464,MINECRAFT,skins-n-textures,62,Hey <@!407517306189512704>_ you just advanced to **level 3** !
558473220752277514,MINECRAFT,minecraft,84,Cod-Man_ this command is disabled in this channel. <:SMILESWEAT6:403540174069432320>
558473302675292193,MINECRAFT,bot-commands,0,
558473363471859712,MINECRAFT,bot-commands,0,
558473825701068800,MINECRAFT,minecraft,62,Hey <@!370696066775121931>_ you just advanced to **level 3** !
558474004910833705,FlareTV - PewDiePie vs T-Series,commands,0,
558474064117760042,MINECRAFT,bot-commands,0,
558474189103824936,MINECRAFT,bot-commands,0,
558474211010543618,FlareTV - PewDiePie vs T-Series,commands,0,
558474400127647764,MINECRAFT,off-topic,84,Cod-Man_ this command is disabled in this channel. <:SMILESWEAT6:403540174069432320>
558474407534919700,Egg_ Inc,general,10,Well_ yes!
558754897680400406,MINECRAFT,minecraft,62,Hey <@!501164215344562197>_ you just advanced to **level 1** !
558755184147431444,MINECRAFT,minecraft,63,Hey <@!251808367368994816>_ you just advanced to **level 28** !
558755450506706946,MINECRAFT,off-topic,62,Hey <@!272013999971893250>_ you just advanced to **level 1** !
558755745428930575,MINECRAFT,technical-java,62,Hey <@!482247702311337985>_ you just advanced to **level 7** !
558755934445240337,MINECRAFT,off-topic,62,Hey <@!358912342693511178>_ you just advanced to **level 2** !
558755985905418262,MINECRAFT,bot-commands,0,
558756026514538496,MINECRAFT,minecraft,62,Hey <@!550768617973743634>_ you just advanced to **level 2** !
558756067744415745,MINECRAFT,bot-commands,0,
558756079509569570,MINECRAFT,technical-java,62,Hey <@!336938338068201473>_ you just advanced to **level 2** !
558756159608061960,MINECRAFT,minecraft,63,Hey <@!452369972195229706>_ you just advanced to **level 26** !
558756239354626089,MINECRAFT,minecraft,87,Razboy5565_ this command is disabled in this channel. <:SMILESWEAT6:403540174069432320>
558756416136019969,MINECRAFT,bot-commands,0,
558756427879940107,FlareTV - PewDiePie vs T-Series,commands,0,
558756744088649750,MINECRAFT,skins-n-textures,62,Hey <@!558744521228156928>_ you just advanced to **level 1** !
558756749960544306,Discord of a Wimpy Kid,r-fuckmanny,0,
558756799331958797,MINECRAFT,bot-commands,0,
558756856563105794,FlareTV - PewDiePie vs T-Series,commands,0,
558756902830342155,MINECRAFT,minecraft,62,Hey <@!149584181083504640>_ you just advanced to **level 1** !
558756911399436304,MINECRAFT,bot-commands,0,
558756933285314573,MINECRAFT,bot-commands,0,
558757002101129216,MINECRAFT,skins-n-textures,83,java13_ this command is disabled in this channel. <:SMILESWEAT6:403540174069432320>
558757286068092943,MINECRAFT,bot-commands,0,
558757456126148628,MINECRAFT,skins-n-textures,62,Hey <@!451153529000820737>_ you just advanced to **level 4** !
558758329569116171,FlareTV - PewDiePie vs T-Series,commands,0,
558758393964134413,MINECRAFT,off-topic,62,Hey <@!272013999971893250>_ you just advanced to **level 2** !
558758515968049153,MINECRAFT,bot-commands,0,
558758519638196230,MINECRAFT,bot-commands,0,
558758667822825575,MINECRAFT,bot-commands,0,
558758692141662239,MINECRAFT,bot-commands,61,Seems like you aren't ranked yet. <:HEHE6:403540176464379925>
558758768834379837,MINECRAFT,bot-commands,0,
558758950116524065,MINECRAFT,bot-commands,0,
558758955975704581,MINECRAFT,skins-n-textures,62,Hey <@!558744521228156928>_ you just advanced to **level 2** !
558759082748542999,MINECRAFT,bot-commands,0,
558759111819395095,MINECRAFT,bot-commands,0,
558759206224658473,MINECRAFT,bot-commands,0,
558759220292616210,MINECRAFT,bot-commands,119,ðŸ¤– <@249303797371895820> is a **BOT**! Bots aren't invited to the **super fancy !rank party** <:OWO6:403540173054279706>
558759272478015488,MINECRAFT,support,62,Hey <@!443203160845189121>_ you just advanced to **level 1** !
558759288848384041,Discord of a Wimpy Kid,r-okbubbyretard,0,
558759911773831198,MINECRAFT,minecraft,62,Hey <@!528560825515114507>_ you just advanced to **level 1** !
558759983056158751,MINECRAFT,off-topic,62,Hey <@!388991442464538624>_ you just advanced to **level 4** !
558760444286861382,Discord of a Wimpy Kid,r-lodeddiper,0,
558760483016933385,MINECRAFT,off-topic,62,Hey <@!552495864736907304>_ you just advanced to **level 2** !
558760584175419431,MINECRAFT,minecraft,62,Hey <@!414508508206333957>_ you just advanced to **level 1** !
558760724265173012,FlareTV - PewDiePie vs T-Series,commands,0,
558760984114626562,FlareTV - PewDiePie vs T-Series,commands,0,
558761104457859082,Discord of a Wimpy Kid,welcome,46,**ZeroDeathsGaming#6009** left. What a ploopy!
558761211169079297,FlareTV - PewDiePie vs T-Series,commands,64,Hey fam! Dankchiko_ you need to wait  to use that command again!
558761212360392712,MINECRAFT,bot-commands,0,
558761260758335518,MINECRAFT,bot-commands,0,
558761270258434077,MINECRAFT,minecraft,62,Hey <@!205739360006569984>_ you just advanced to **level 6** !
558761401254936608,MINECRAFT,minecraft,62,Hey <@!522167144159379456>_ you just advanced to **level 6** !
558761451825790976,MINECRAFT,bot-commands,61,Seems like you aren't ranked yet. <:HEHE6:403540176464379925>
558761615261040644,MINECRAFT,minecraft,62,Hey <@!558604961995292682>_ you just advanced to **level 1** !
558761722291159071,MINECRAFT,off-topic,62,Hey <@!553431431179796489>_ you just advanced to **level 8** !
558762162571444235,MINECRAFT,off-topic,62,Hey <@!272013999971893250>_ you just advanced to **level 3** !
558762224152346624,MINECRAFT,off-topic,62,Hey <@!529438175245107221>_ you just advanced to **level 5** !
558762711454842920,MINECRAFT,technical-bedrock,62,Hey <@!298966770382012427>_ you just advanced to **level 3** !
558762732317442068,MINECRAFT,minecraft,62,Hey <@!556540197916114949>_ you just advanced to **level 1** !
558762930661883904,MINECRAFT,bot-commands,0,
558763044789026816,MINECRAFT,minecraft,62,Hey <@!550768617973743634>_ you just advanced to **level 3** !
558763482582089739,MINECRAFT,bot-commands,0,
558763608662736896,MINECRAFT,technical-bedrock,63,Hey <@!401005827785228289>_ you just advanced to **level 10** !
558763624781578251,Comedy Heaven,bot-commands,0,
558763759943024650,Discord of a Wimpy Kid,r-lodeddiper,0,
558763868667772928,MINECRAFT,bot-commands,0,
558763869489594379,MINECRAFT,bot-commands,0,
558763870965989378,MINECRAFT,bot-commands,0,
558763942361432074,MINECRAFT,bot-commands,27,**Worst Realm Ever Coords**
558764060250865665,MINECRAFT,bot-commands,0,
558764079888728075,MINECRAFT,minecraft,62,Hey <@!546145823118065674>_ you just advanced to **level 5** !
558764371950436383,FlareTV - PewDiePie vs T-Series,commands,0,
558764971304157187,MINECRAFT,minecraft,62,Hey <@!427073776413573130>_ you just advanced to **level 1** !
558765122244444175,Egg_ Inc,welcome,272,Hey <@543191642501414932>_ welcome to **Egg_ Inc**.NLNLPlease check out <#455385905499340813> _ <#455403745899970560> and <#455396915731890177> to get started. Post a screenshot of your prestige screen in <#455385874788777994> to get access to many more channels. Thank you!
558765272249401353,FlareTV - PewDiePie vs T-Series,commands,0,
558765609400401971,MINECRAFT,off-topic,62,Hey <@!552986895760490518>_ you just advanced to **level 1** !
558765630128652311,MINECRAFT,minecraft,62,Hey <@!488153182481022987>_ you just advanced to **level 1** !
558765788899573786,MINECRAFT,off-topic,87,qwertyllea_ this command is disabled in this channel. <:SMILESWEAT6:403540174069432320>
558765876459995137,MINECRAFT,bot-commands,0,
558765884571648008,MINECRAFT,minecraft,62,Hey <@!558604961995292682>_ you just advanced to **level 2** !
558766295231889409,Discord of a Wimpy Kid,welcome,153,Hey <@402455723247665153>_ welcome to the **Discord of a Wimpy Kid**! Enjoy your stay! Make sure to read the <#477826997310193675> and have a great time!
558766368258785304,Comedy Heaven,general,0,
558766460953034763,MINECRAFT,minecraft,62,Hey <@!401387844339367936>_ you just advanced to **level 1** !
558766738842320897,Discord of a Wimpy Kid,r-fuckmanny,0,
558766806983245824,MINECRAFT,builds,62,Hey <@!505931639403053067>_ you just advanced to **level 2** !
558766809181061150,Discord of a Wimpy Kid,r-lodeddiper,0,
558767191072440345,FlareTV - PewDiePie vs T-Series,commands,0,
558767609903054918,Discord of a Wimpy Kid,r-lodeddiper,0,
558767806309597185,MINECRAFT,minecraft,62,Hey <@!186309947900821505>_ you just advanced to **level 4** !
558767882687741964,MINECRAFT,skins-n-textures,62,Hey <@!494664142603550720>_ you just advanced to **level 3** !
558767889214210069,MINECRAFT,bot-commands,0,
558768254726963217,MINECRAFT,minecraft,62,Hey <@!504078947181527050>_ you just advanced to **level 3** !
558768365502726176,FlareTV - PewDiePie vs T-Series,commands,0,
558768574236196875,MINECRAFT,off-topic,62,Hey <@!476791665278058498>_ you just advanced to **level 1** !
558769044514406424,MINECRAFT,bot-commands,0,
558769063908605952,MINECRAFT,minecraft,62,Hey <@!552986895760490518>_ you just advanced to **level 2** !
558769256712372232,MINECRAFT,builds,62,Hey <@!224923110120488972>_ you just advanced to **level 4** !
558769947493531648,MINECRAFT,minecraft,63,Hey <@!187384089228214273>_ you just advanced to **level 48** !
558770007602102292,MINECRAFT,bot-commands,0,
558770094185119756,MINECRAFT,off-topic,62,Hey <@!505931639403053067>_ you just advanced to **level 3** !
558770153777791003,FlareTV - PewDiePie vs T-Series,commands,0,
558770250322149387,MINECRAFT,bot-commands,0,
558770395361050632,FlareTV - PewDiePie vs T-Series,commands,0,
558770450969133057,MINECRAFT,bot-commands,61,Seems like you aren't ranked yet. <:HEHE6:403540176464379925>
558770457562578965,MINECRAFT,minecraft,62,Hey <@!525939014843236363>_ you just advanced to **level 1** !
558770741676343320,MINECRAFT,minecraft,62,Hey <@!289767336838168576>_ you just advanced to **level 1** !
558770860765478953,MINECRAFT,minecraft,62,Hey <@!302192961159168030>_ you just advanced to **level 1** !
558771394674950147,FlareTV - PewDiePie vs T-Series,commands,0,
558771595032657925,FlareTV - PewDiePie vs T-Series,commands,61,Hey fam! Meless_ you need to wait  to use that command again!
558771662183464961,FlareTV - PewDiePie vs T-Series,commands,0,
558771696182493212,FlareTV - PewDiePie vs T-Series,commands,0,
558771855151071255,FlareTV - PewDiePie vs T-Series,commands,0,
558771886914273281,FlareTV - PewDiePie vs T-Series,commands,0,
558771986311151618,FlareTV - PewDiePie vs T-Series,commands,0,
558771991050715138,FlareTV - PewDiePie vs T-Series,commands,0,
558771996868083712,FlareTV - PewDiePie vs T-Series,commands,0,
558772009417441291,FlareTV - PewDiePie vs T-Series,commands,66,Hey fam! Julian Cruz_ you need to wait  to use that command again!
558772032817332224,MINECRAFT,minecraft,62,Hey <@!473244445496573952>_ you just advanced to **level 2** !
558772037364219904,MINECRAFT,builds,62,Hey <@!557711112750104576>_ you just advanced to **level 6** !
558772276657389579,MINECRAFT,minecraft,63,Hey <@!480459029068513280>_ you just advanced to **level 11** !
558772476998320164,FlareTV - PewDiePie vs T-Series,commands,0,
558772574948032512,FlareTV - PewDiePie vs T-Series,commands,0,
558772599312875521,Discord of a Wimpy Kid,general,59,Oh_ cool. <@!197157612461096962>_ you just reached level 7!
558772615855079444,MINECRAFT,bot-commands,71,Seems like WingsOfCobraYT isn't ranked yet. <:HEHE6:403540176464379925>
558772686789017611,MINECRAFT,minecraft,63,Hey <@!345293769408512000>_ you just advanced to **level 56** !
558772945166663727,MINECRAFT,support,62,Hey <@!206527186960646145>_ you just advanced to **level 1** !
558773175421501460,MINECRAFT,bot-commands,61,Seems like you aren't ranked yet. <:HEHE6:403540176464379925>
558777784915329037,FlareTV - PewDiePie vs T-Series,commands,0,
558777949457743893,FlareTV - PewDiePie vs T-Series,commands,0,
558777983914213426,FlareTV - PewDiePie vs T-Series,commands,140,Go check **FlareTV - PewDiePie vs T-Series**'s leaderboard here https://mee6.xyz/leaderboard/513855202797813791. <:WINK6:403540173566115840>
558778352803119115,FlareTV - PewDiePie vs T-Series,commands,0,
558778414996127745,MINECRAFT,support,62,Hey <@!414054901971419139>_ you just advanced to **level 1** !
558778433644265492,FlareTV - PewDiePie vs T-Series,commands,0,
558778659788554250,FlareTV - PewDiePie vs T-Series,commands,0,
558778822619561985,MINECRAFT,off-topic,62,Hey <@!528474275070345247>_ you just advanced to **level 1** !
558779120302030868,MINECRAFT,minecraft,62,Hey <@!514926083833987083>_ you just advanced to **level 6** !
558779177621258241,MINECRAFT,bot-commands,0,
558779196835495939,FlareTV - PewDiePie vs T-Series,commands,0,
558779405489668116,FlareTV - PewDiePie vs T-Series,commands,0,
558779643088601098,FlareTV - PewDiePie vs T-Series,commands,0,
558780333449805865,MINECRAFT,off-topic,62,Hey <@!529171713582432276>_ you just advanced to **level 1** !
558781277814128671,FlareTV - PewDiePie vs T-Series,commands,0,
558781371842035729,MINECRAFT,bot-commands,0,
558781378104262667,MINECRAFT,bot-commands,0,
558781380356734977,MINECRAFT,bot-commands,0,
558781381690392576,MINECRAFT,bot-commands,0,
558783522924527617,MINECRAFT,bot-commands,0,
558783576091525130,FlareTV - PewDiePie vs T-Series,commands,0,
558784011275599892,MINECRAFT,builds,62,Hey <@!245163371987468289>_ you just advanced to **level 5** !
558784098123120641,MINECRAFT,bot-commands,0,
558784242906038293,MINECRAFT,minecraft,49,<@!401787687272579072> was blown up by a creeper!
558784244323975209,FlareTV - PewDiePie vs T-Series,commands,140,Go check **FlareTV - PewDiePie vs T-Series**'s leaderboard here https://mee6.xyz/leaderboard/513855202797813791. <:WINK6:403540173566115840>
558784266310385665,FlareTV - PewDiePie vs T-Series,commands,68,Hey fam! Dat Boi Trump_ you need to wait  to use that command again!
558784286510153756,MINECRAFT,minecraft,49,<@!295929067369136140> was blown up by a creeper!
558784341551874078,MINECRAFT,bot-commands,0,
558784765545676830,Comedy Heaven,general,92,! smokey gaming_ this command is disabled in this channel. <:SMILESWEAT6:403540174069432320>
558784956298559489,MINECRAFT,bot-commands,0,
558785040532766766,MINECRAFT,bot-commands,0,
558785317235064843,MINECRAFT,bot-commands,0,
558785381114314753,MINECRAFT,bot-commands,0,
558785403226816560,MINECRAFT,off-topic,62,Hey <@!142434460443344896>_ you just advanced to **level 2** !
558785893205278720,Discord of a Wimpy Kid,r-lodeddiper,0,
558786101616181259,MINECRAFT,bot-commands,0,
558786463765102602,/r/oldpeoplefacebook,buffet-line,59,**PINO KUN IS FUCKING GAY#7518** IS WITH THE LORD NOW ðŸ˜‚ðŸ˜‚ðŸ˜‚ðŸ˜‚ðŸ˜‚
558786659483648010,MINECRAFT,bot-commands,0,
558787182421344258,Discord of a Wimpy Kid,r-lodeddiper,0,
558787406787248140,MINECRAFT,bot-commands,0,
558787634252611604,FlareTV - PewDiePie vs T-Series,commands,0,
558787762887720962,FlareTV - PewDiePie vs T-Series,commands,64,Hey fam! Dankchiko_ you need to wait  to use that command again!
558787795720601610,MINECRAFT,bot-commands,0,
558787879350829059,MINECRAFT,bot-commands,0,
558787882844684312,MINECRAFT,bot-commands,0,
558787935290523649,MINECRAFT,bot-commands,0,
558787950566047746,Discord of a Wimpy Kid,r-lodeddiper,0,
558788074272980993,MINECRAFT,minecraft,62,Hey <@!223998895603056641>_ you just advanced to **level 1** !
558788172516163586,MINECRAFT,bot-commands,0,
558788189964206100,MINECRAFT,bot-commands,118,Go check **MINECRAFT**'s leaderboard here https://mee6.xyz/leaderboard/302094807046684672. <:WINK6:403540173566115840>
558788318746247178,FlareTV - PewDiePie vs T-Series,commands,0,
558788337524277263,FlareTV - PewDiePie vs T-Series,commands,0,
558788526045528084,/r/oldpeoplefacebook,ballroom-dancing,86,https://cdn.discordapp.com/attachments/461329810489344010/461331026019483669/corn1.png
558788578285715461,FlareTV - PewDiePie vs T-Series,commands,0,
558788665871040514,FlareTV - PewDiePie vs T-Series,commands,64,Hey fam! Dankchiko_ you need to wait  to use that command again!
558788849749196800,/r/oldpeoplefacebook,ballroom-dancing,39,Try ordering corn. Just type !ordercorn
558788942392983596,Discord of a Wimpy Kid,welcome,153,Hey <@249663953297211392>_ welcome to the **Discord of a Wimpy Kid**! Enjoy your stay! Make sure to read the <#477826997310193675> and have a great time!
558789326998077442,/r/oldpeoplefacebook,buffet-line,46,**omegarocks#9150** IS WITH THE LORD NOW ðŸ˜‚ðŸ˜‚ðŸ˜‚ðŸ˜‚ðŸ˜‚
558789385592504333,MINECRAFT,bot-commands,0,
558789412750884874,FlareTV - PewDiePie vs T-Series,commands,0,
558789436230598676,FlareTV - PewDiePie vs T-Series,commands,140,Go check **FlareTV - PewDiePie vs T-Series**'s leaderboard here https://mee6.xyz/leaderboard/513855202797813791. <:WINK6:403540173566115840>
558789583358394387,/r/oldpeoplefacebook,buffet-line,126,<@!241957601913470977>___ CORNGRATULATIONS SWEATY_____ YOU HAVE 1 STAMPS ON YOUR OLD COUNTRY BUFFET FREQUENT DINER_S CARD!!___
558789611590123551,FlareTV - PewDiePie vs T-Series,commands,140,Go check **FlareTV - PewDiePie vs T-Series**'s leaderboard here https://mee6.xyz/leaderboard/513855202797813791. <:WINK6:403540173566115840>
558790617073975306,Discord of a Wimpy Kid,r-fuckmanny,0,
558790687970164746,MINECRAFT,minecraft,62,Hey <@!394216585419685909>_ you just advanced to **level 5** !
558790922599661581,MINECRAFT,bot-commands,0,
558791044506845224,Discord of a Wimpy Kid,r-lodeddiper,0,
558791248345956352,MINECRAFT,builds,62,Hey <@!556939442074419231>_ you just advanced to **level 3** !
558791307858804738,FlareTV - PewDiePie vs T-Series,commands,0,
558791318470656001,MINECRAFT,minecraft,62,Hey <@!518558899285131266>_ you just advanced to **level 2** !
558791516890333214,MINECRAFT,minecraft,63,Hey <@!224569318535331841>_ you just advanced to **level 22** !
558791773057712129,MINECRAFT,off-topic,62,Hey <@!263130814554963968>_ you just advanced to **level 4** !
558792024871141386,FlareTV - PewDiePie vs T-Series,commands,0,
558792181800763439,MINECRAFT,bot-commands,0,
558792368724377643,MINECRAFT,support,62,Hey <@!414054901971419139>_ you just advanced to **level 2** !
558792474806452225,MINECRAFT,off-topic,62,Hey <@!402171138446196746>_ you just advanced to **level 1** !
558792595736756225,Discord of a Wimpy Kid,r-lodeddiper,0,
558793017142804485,MINECRAFT,off-topic,62,Hey <@!223998895603056641>_ you just advanced to **level 2** !
558793055348719639,Discord of a Wimpy Kid,welcome,153,Hey <@458649825089683490>_ welcome to the **Discord of a Wimpy Kid**! Enjoy your stay! Make sure to read the <#477826997310193675> and have a great time!
558793302435037187,Discord of a Wimpy Kid,r-lodeddiper,0,
558793461390770177,Discord of a Wimpy Kid,welcome,60,**Clock | I7 8700K | 16GB | 2080#1960** left. What a ploopy!
558793737417916476,Discord of a Wimpy Kid,r-lodeddiper,0,
558794200452169759,FlareTV - PewDiePie vs T-Series,commands,0,
558794221310443530,FlareTV - PewDiePie vs T-Series,commands,140,Go check **FlareTV - PewDiePie vs T-Series**'s leaderboard here https://mee6.xyz/leaderboard/513855202797813791. <:WINK6:403540173566115840>
558794270258233345,MINECRAFT,bot-commands,0,
558794657337966598,Discord of a Wimpy Kid,welcome,153,Hey <@542764773100617739>_ welcome to the **Discord of a Wimpy Kid**! Enjoy your stay! Make sure to read the <#477826997310193675> and have a great time!
558794730276913164,Discord of a Wimpy Kid,general,59,Oh_ cool. <@!542764773100617739>_ you just reached level 1!
558794771292749824,Discord of a Wimpy Kid,welcome,153,Hey <@458649825089683490>_ welcome to the **Discord of a Wimpy Kid**! Enjoy your stay! Make sure to read the <#477826997310193675> and have a great time!
558795386588758024,MINECRAFT,off-topic,62,Hey <@!283764727727915009>_ you just advanced to **level 2** !
558795471758557185,MINECRAFT,technical-java,63,Hey <@!409751224187879434>_ you just advanced to **level 12** !
558795912835497984,Discord of a Wimpy Kid,general,59,Oh_ cool. <@!458649825089683490>_ you just reached level 1!
558797430003466259,MINECRAFT,minecraft,62,Hey <@!494527945013067796>_ you just advanced to **level 2** !
558797981730734082,FlareTV - PewDiePie vs T-Series,commands,0,
558797998235320340,MINECRAFT,off-topic,62,Hey <@!537840138408165378>_ you just advanced to **level 1** !
558798064551198734,FlareTV - PewDiePie vs T-Series,commands,0,
558798097082351626,MINECRAFT,off-topic,62,Hey <@!368199509890695170>_ you just advanced to **level 6** !
558798324917075999,Egg_ Inc,welcome,272,Hey <@436309930023059457>_ welcome to **Egg_ Inc**.NLNLPlease check out <#455385905499340813> _ <#455403745899970560> and <#455396915731890177> to get started. Post a screenshot of your prestige screen in <#455385874788777994> to get access to many more channels. Thank you!
558798407964164098,Comedy Heaven,bot-commands,0,
558798514159878165,Comedy Heaven,bot-commands,0,
558798569839001600,Comedy Heaven,bot-commands,0,
558798734465433610,MINECRAFT,minecraft,62,Hey <@!510246989414268929>_ you just advanced to **level 1** !
558798913948090389,MINECRAFT,minecraft,62,Hey <@!545970832586047501>_ you just advanced to **level 1** !
558798962904268820,MINECRAFT,bot-commands,0,
558799095716642817,MINECRAFT,minecraft,62,Hey <@!323304282847707138>_ you just advanced to **level 4** !
558799115211767811,Discord of a Wimpy Kid,welcome,39,**TSU_OWRYX#9426** left. What a ploopy!
558799240575320075,MINECRAFT,minecraft,62,Hey <@!378576692693958661>_ you just advanced to **level 4** !
558799555081011211,MINECRAFT,bot-commands,0,
558799610265731072,MINECRAFT,minecraft,62,Hey <@!269864932164632576>_ you just advanced to **level 1** !
558800161455996939,FlareTV - PewDiePie vs T-Series,commands,0,
558801050480410635,Discord of a Wimpy Kid,r-lodeddiper,0,
558801052804186112,MINECRAFT,minecraft,62,Hey <@!502173430339076096>_ you just advanced to **level 1** !
558801395059392534,Discord of a Wimpy Kid,welcome,60,**Clock | I7 8700K | 16GB | 2080#1960** left. What a ploopy!
558801504115621910,Discord of a Wimpy Kid,r-lodeddiper,0,
558801618393497613,MINECRAFT,bot-commands,0,
558801816834539535,MINECRAFT,off-topic,62,Hey <@!261307911425359872>_ you just advanced to **level 2** !
558801896156954625,MINECRAFT,minecraft,62,Hey <@!558300886204416014>_ you just advanced to **level 2** !
558802315956453376,Discord of a Wimpy Kid,welcome,44,**King Tangerine#6581** left. What a ploopy!
558802514141511680,Discord of a Wimpy Kid,welcome,44,**Der Ãœbermensch#8223** left. What a ploopy!
558802638963998720,MINECRAFT,minecraft,62,Hey <@!501557975757094925>_ you just advanced to **level 4** !
558803056129605635,MINECRAFT,minecraft,62,Hey <@!242366204382019586>_ you just advanced to **level 1** !
558803061842247680,MINECRAFT,builds,62,Hey <@!193598657365278720>_ you just advanced to **level 1** !
558803457939734548,/r/oldpeoplefacebook,buffet-line,46,SHOW LYNDA THIS ONE (SHE HATES THE BROWN EGGS)
558803458011037716,/r/oldpeoplefacebook,buffet-line,41,WHAT EVER HAPPENED TO THE MAYALSA FLIGHT?
558803610281050122,MINECRAFT,bot-commands,0,
558803874434121748,MINECRAFT,minecraft,62,Hey <@!554822386818744331>_ you just advanced to **level 1** !
558804383387877402,MINECRAFT,bot-commands,0,
558804944602267660,MINECRAFT,minecraft,90,West Princess_ this command is disabled in this channel. <:SMILESWEAT6:403540174069432320>
558805017323372545,MINECRAFT,bot-commands,0,
558805243215740938,MINECRAFT,minecraft,62,Hey <@!481541471682691075>_ you just advanced to **level 1** !
558805304251383808,MINECRAFT,technical-java,62,Hey <@!517443822578302977>_ you just advanced to **level 1** !
558805306818166820,FlareTV - PewDiePie vs T-Series,commands,0,
558805419745869844,MINECRAFT,minecraft,62,Hey <@!190197395060031489>_ you just advanced to **level 2** !
558805448182988810,MINECRAFT,bot-commands,61,Seems like you aren't ranked yet. <:HEHE6:403540176464379925>
558805784838799371,Discord of a Wimpy Kid,r-lodeddiper,0,
558805821455204422,MINECRAFT,minecraft,62,Hey <@!269864932164632576>_ you just advanced to **level 2** !
558805896768126976,Discord of a Wimpy Kid,r-lodeddiper,0,
558806484721336330,MINECRAFT,minecraft,62,Hey <@!351343653257740291>_ you just advanced to **level 4** !
558806492841639936,MINECRAFT,bot-commands,0,
558806541239582730,Discord of a Wimpy Kid,r-lodeddiper,0,
558806655656001583,MINECRAFT,bot-commands,0,
558806906655997974,MINECRAFT,minecraft,62,Hey <@!512102479177973764>_ you just advanced to **level 1** !
558808006909755432,MINECRAFT,minecraft,62,Hey <@!347353735376404481>_ you just advanced to **level 1** !
558808742112657438,MINECRAFT,minecraft,62,Hey <@!484916172320669711>_ you just advanced to **level 1** !
558809079569580055,Discord of a Wimpy Kid,welcome,40,**Glitzerate#1337** left. What a ploopy!
558809211065335809,MINECRAFT,skins-n-textures,62,Hey <@!334024766325391360>_ you just advanced to **level 7** !
558809513747152897,Discord of a Wimpy Kid,spam,131,Go check **Discord of a Wimpy Kid**'s leaderboard here https://mee6.xyz/leaderboard/477823719331463169. <:WINK6:403540173566115840>
558809643993006100,Discord of a Wimpy Kid,r-lodeddiper,0,
558810019303260162,MINECRAFT,minecraft,62,Hey <@!385626248849915920>_ you just advanced to **level 1** !
558810041101320193,FlareTV - PewDiePie vs T-Series,commands,0,
558810082163556352,Discord of a Wimpy Kid,r-lodeddiper,0,
558810091340562437,MINECRAFT,bot-commands,0,
558812068707565569,MINECRAFT,off-topic,62,Hey <@!538539791394799617>_ you just advanced to **level 3** !
558812735186665482,MINECRAFT,minecraft,1650,:exclamation: :exclamation:NLNL**1: :sunglasses: Be cool_ kind_ and civil!**NL     - It's okay to have opinions and to express them plainly_ but try to be nice about it. If an Admin/Moderator asks you to do something_ please do so. We are here to help.NLNL**2. :unamused: Do not @ping or direct message [DM] the Minecraft Staff with unsolicited messages.**NL     - They are people too! Please treat them as such!  Besides_ repeated distraction will only delay the next update.NL     - Helen_ MonsieurV3rt_ Moesh_ Matt and TheRaddestBro have bravely opted out of this rule. NLNL**3. :thumbsdown: The following is 100% prohibited:**NL     a - harassment/abuse of other membersNL     b - racism_ sexism_ sexually explicit or otherwise offensive content_ politics/religionNL     c - links and/or discussion related to pirated or otherwise illegal contentNL     d - sharing personal or confidential information about another userNL     e - spam_ self promotion_ advertising other communities/services via direct message or chatNL      f - using @ everyone or @ hereNL     g - public squabbling - please resolve your issues privatelyNL     h - excessive use of special characters in nicknameNLNL**:scissors: Conduct deemed non compliant with these rules will be removed and action will be taken at the admin/moderators discretion.**NLNL*If you feel as though you've witnessed conduct that violates these guidelines_ please send a direct message to an available admin or moderator. If none are online to respond_ or the situation requires immediate intervention_ you can reach us via @ Admin or @ Moderators. Avoid engaging in an arguement over violations.*
558812780850053130,Discord of a Wimpy Kid,r-lodeddiper,0,
558812794150060050,MINECRAFT,minecraft,1650,:exclamation: :exclamation:NLNL**1: :sunglasses: Be cool_ kind_ and civil!**NL     - It's okay to have opinions and to express them plainly_ but try to be nice about it. If an Admin/Moderator asks you to do something_ please do so. We are here to help.NLNL**2. :unamused: Do not @ping or direct message [DM] the Minecraft Staff with unsolicited messages.**NL     - They are people too! Please treat them as such!  Besides_ repeated distraction will only delay the next update.NL     - Helen_ MonsieurV3rt_ Moesh_ Matt and TheRaddestBro have bravely opted out of this rule. NLNL**3. :thumbsdown: The following is 100% prohibited:**NL     a - harassment/abuse of other membersNL     b - racism_ sexism_ sexually explicit or otherwise offensive content_ politics/religionNL     c - links and/or discussion related to pirated or otherwise illegal contentNL     d - sharing personal or confidential information about another userNL     e - spam_ self promotion_ advertising other communities/services via direct message or chatNL      f - using @ everyone or @ hereNL     g - public squabbling - please resolve your issues privatelyNL     h - excessive use of special characters in nicknameNLNL**:scissors: Conduct deemed non compliant with these rules will be removed and action will be taken at the admin/moderators discretion.**NLNL*If you feel as though you've witnessed conduct that violates these guidelines_ please send a direct message to an available admin or moderator. If none are online to respond_ or the situation requires immediate intervention_ you can reach us via @ Admin or @ Moderators. Avoid engaging in an arguement over violations.*
558812968335310848,MINECRAFT,minecraft,62,Hey <@!269864932164632576>_ you just advanced to **level 3** !
558813292764594197,MINECRAFT,off-topic,62,Hey <@!386389376155910154>_ you just advanced to **level 1** !
558813305750421539,MINECRAFT,minecraft,62,Hey <@!292394712202084352>_ you just advanced to **level 3** !
558813385039413251,MINECRAFT,minecraft,85,CroFilms_ this command is disabled in this channel. <:SMILESWEAT6:403540174069432320>
558813406585552915,Discord of a Wimpy Kid,r-lodeddiper,0,
558813413854150666,MINECRAFT,bot-commands,0,
558813581466927127,MINECRAFT,minecraft,62,Hey <@!558697965749927937>_ you just advanced to **level 1** !
558813640988557312,Discord of a Wimpy Kid,general,60,Oh_ cool. <@!320039437801226260>_ you just reached level 37!
558813691965997067,Discord of a Wimpy Kid,spam,0,
558813933918748681,MINECRAFT,minecraft,62,Hey <@!261690916312449024>_ you just advanced to **level 6** !
558814139141586954,MINECRAFT,minecraft,62,Hey <@!516206994718326795>_ you just advanced to **level 1** !
558814178781954054,MINECRAFT,minecraft,62,Hey <@!201114926691909642>_ you just advanced to **level 1** !
558814305672232971,MINECRAFT,minecraft,62,Hey <@!385626248849915920>_ you just advanced to **level 2** !
558814873421742107,FlareTV - PewDiePie vs T-Series,commands,0,
558814900978188328,MINECRAFT,technical-java,62,Hey <@!215854073063276544>_ you just advanced to **level 1** !
558815515955429397,MINECRAFT,technical-java,62,Hey <@!325804203354357772>_ you just advanced to **level 2** !
558815808047022081,MINECRAFT,minecraft,62,Hey <@!558697965749927937>_ you just advanced to **level 2** !
558815968445333517,FlareTV - PewDiePie vs T-Series,commands,0,
558816109873070090,MINECRAFT,bot-commands,0,
558816154563641350,MINECRAFT,bot-commands,49,<@!349683353735266304> was blown up by a creeper!
558816209378738177,MINECRAFT,bot-commands,0,
558816245441626133,MINECRAFT,bot-commands,0,
558816357555240980,MINECRAFT,minecraft,62,Hey <@!398596889504776195>_ you just advanced to **level 1** !
558816561457004556,MINECRAFT,bot-commands,0,
558816841598894121,FlareTV - PewDiePie vs T-Series,commands,0,
558816985262325801,MINECRAFT,bot-commands,0,
558816986281410560,MINECRAFT,bot-commands,0,
558816987917058081,MINECRAFT,bot-commands,0,
558817004446941185,Discord of a Wimpy Kid,general,4,Both
558817016082071555,Discord of a Wimpy Kid,general,3,All
558817039704260632,Discord of a Wimpy Kid,general,5,Every
558817076374929408,MINECRAFT,bot-commands,118,Go check **MINECRAFT**'s leaderboard here https://mee6.xyz/leaderboard/302094807046684672. <:WINK6:403540173566115840>
558817122449358861,MINECRAFT,minecraft,62,Hey <@!315209577928851456>_ you just advanced to **level 1** !
558817192112816139,MINECRAFT,bot-commands,0,
558817213478469633,Discord of a Wimpy Kid,r-lodeddiper,0,
558817255933345792,Discord of a Wimpy Kid,general,40,Idk actually I donâ€™t watch Indiana Jones
558817267350241301,MINECRAFT,bot-commands,0,
558817337411895308,MINECRAFT,bot-commands,0,
558817352838414362,Discord of a Wimpy Kid,general,32,My mommy is flexing to my sister
558817377874214914,MINECRAFT,bot-commands,0,
558817380969611294,Discord of a Wimpy Kid,welcome,153,Hey <@349980985070321664>_ welcome to the **Discord of a Wimpy Kid**! Enjoy your stay! Make sure to read the <#477826997310193675> and have a great time!
558817392709599272,Discord of a Wimpy Kid,general,18,There on the phone
558817553963548721,Discord of a Wimpy Kid,general,2,Ok
558817614021787658,Discord of a Wimpy Kid,general,33,Iâ€™ll just go work on my own sever
558817744439607298,MINECRAFT,minecraft,62,Hey <@!372038327504863234>_ you just advanced to **level 2** !
558817995376558090,/r/oldpeoplefacebook,buffet-line,41,**Twist#7931** IS WITH THE LORD NOW ðŸ˜‚ðŸ˜‚ðŸ˜‚ðŸ˜‚ðŸ˜‚
558818332531490817,MINECRAFT,off-topic,62,Hey <@!521651792984014849>_ you just advanced to **level 1** !
558818336461422654,MINECRAFT,bot-commands,0,
558818411786797058,Discord of a Wimpy Kid,spam,0,
558818421484027915,MINECRAFT,bot-commands,732,**Please note that members must reach the rank of Stone Miner in order to apply.**NLNLIf you want to apply to our community bedrock or java realms_ write a comment to the <#304638558113759232> or <#358003254191456257> channel and include answers to the following:NLNL:banana: reddit username (optional)NLNL:video_game: Xbox/Java username or IGNNLNL<:villager:302438918048186368> are you currently or have you previously been a member of another realm or server? if yes_ where?NLNL:camera_with_flash: share photos or describe your favorite build you have made (use imgur or your preferred source) NLNL:microphone: tell us a bit about yourself! NLNL**please include your entire application in one comment.**NLNL*for a sample application_ type ?t app*
558818571237720102,MINECRAFT,off-topic,62,Hey <@!553806838395568160>_ you just advanced to **level 1** !
558818918266044427,MINECRAFT,minecraft,62,Hey <@!541334103606296597>_ you just advanced to **level 1** !
558819293874356225,MINECRAFT,minecraft,62,Hey <@!313208061957242880>_ you just advanced to **level 1** !
558819405887438879,MINECRAFT,minecraft,62,Hey <@!293481292098568192>_ you just advanced to **level 1** !
558819472320888863,Discord of a Wimpy Kid,spam,0,
558819520433618965,Discord of a Wimpy Kid,spam,0,
558819660473303087,MINECRAFT,minecraft,62,Hey <@!385626248849915920>_ you just advanced to **level 3** !
558820190058577934,FlareTV - PewDiePie vs T-Series,commands,0,
558820252788457503,MINECRAFT,bot-commands,0,
558820265815965706,MINECRAFT,off-topic,62,Hey <@!526206705663475713>_ you just advanced to **level 1** !
558820336922001426,MINECRAFT,bot-commands,0,
558820405972959263,MINECRAFT,bot-commands,0,
558820437228912680,MINECRAFT,bot-commands,0,
558820453012209676,MINECRAFT,bot-commands,0,
558821638045564939,MINECRAFT,minecraft,62,Hey <@!372038327504863234>_ you just advanced to **level 3** !
558821753887916094,Egg_ Inc,welcome,272,Hey <@148184969460580352>_ welcome to **Egg_ Inc**.NLNLPlease check out <#455385905499340813> _ <#455403745899970560> and <#455396915731890177> to get started. Post a screenshot of your prestige screen in <#455385874788777994> to get access to many more channels. Thank you!
558822027335827471,MINECRAFT,minecraft,63,Hey <@!483087035972976642>_ you just advanced to **level 10** !
558822238548393994,MINECRAFT,minecraft,62,Hey <@!315209577928851456>_ you just advanced to **level 2** !
558822450037653525,MINECRAFT,minecraft,62,Hey <@!297456681930194956>_ you just advanced to **level 1** !
558822760261091370,MINECRAFT,minecraft,88,MetalMew247_ this command is disabled in this channel. <:SMILESWEAT6:403540174069432320>
558822859863228447,MINECRAFT,bot-commands,0,
558822890963730488,MINECRAFT,off-topic,62,Hey <@!533316532973862932>_ you just advanced to **level 1** !
558823040432209925,MINECRAFT,bot-commands,0,
558823060841431050,MINECRAFT,minecraft,62,Hey <@!515846663496138772>_ you just advanced to **level 1** !
558823090638028800,MINECRAFT,minecraft,62,Hey <@!157185481963077642>_ you just advanced to **level 1** !
558823115640274966,FlareTV - PewDiePie vs T-Series,commands,0,
558823775945097216,Discord of a Wimpy Kid,welcome,39,**Coolstew8#6027** left. What a ploopy!
558823967809470496,Discord of a Wimpy Kid,r-lodeddiper,0,
558824034947694604,MINECRAFT,bot-commands,732,**Please note that members must reach the rank of Stone Miner in order to apply.**NLNLIf you want to apply to our community bedrock or java realms_ write a comment to the <#304638558113759232> or <#358003254191456257> channel and include answers to the following:NLNL:banana: reddit username (optional)NLNL:video_game: Xbox/Java username or IGNNLNL<:villager:302438918048186368> are you currently or have you previously been a member of another realm or server? if yes_ where?NLNL:camera_with_flash: share photos or describe your favorite build you have made (use imgur or your preferred source) NLNL:microphone: tell us a bit about yourself! NLNL**please include your entire application in one comment.**NLNL*for a sample application_ type ?t app*
558824232851734539,MINECRAFT,builds,62,Hey <@!527680719305048085>_ you just advanced to **level 2** !
558824374073819136,Discord of a Wimpy Kid,r-lodeddiper,0,
558824659684950016,Discord of a Wimpy Kid,welcome,153,Hey <@396469289521119245>_ welcome to the **Discord of a Wimpy Kid**! Enjoy your stay! Make sure to read the <#477826997310193675> and have a great time!
558824918524100609,MINECRAFT,bot-commands,0,
558825068889636865,MINECRAFT,bot-commands,0,
558825170706366525,Discord of a Wimpy Kid,mutedvc,60,Oh_ cool. <@!320298786855321600>_ you just reached level 14!
558825589595701248,MINECRAFT,minecraft,62,Hey <@!525139531813355521>_ you just advanced to **level 2** !
558825610051321856,MINECRAFT,beta-n-bugs,62,Hey <@!288586715801714689>_ you just advanced to **level 1** !
558825637016502272,MINECRAFT,minecraft,62,Hey <@!484506513881169940>_ you just advanced to **level 7** !
558825892567318569,/r/oldpeoplefacebook,mess-hall-and-bridge,338,Want to earn :corn::moneybag::corn:? Try these commands:NLNL.workNL.slutNL.crimeNL.rob <member>NLNLIf you're a high roller_ buy access to the Billionaire ClubNL.buy-item Billionaire PassNLNLBet your money to earn more:NL.slot <bet amount>NL.blackjack <bet amount>NL.roulette <bet amount> <space>NL.russian-roulette <bet amount>NL.cock-fight <bet amount>
558826135539154945,FlareTV - PewDiePie vs T-Series,commands,0,
558826214081429505,FlareTV - PewDiePie vs T-Series,commands,0,
558826232368857109,FlareTV - PewDiePie vs T-Series,commands,0,
558826267659468800,FlareTV - PewDiePie vs T-Series,commands,0,
558826287955836929,FlareTV - PewDiePie vs T-Series,commands,0,
558826602377510933,MINECRAFT,support,62,Hey <@!339883917530365953>_ you just advanced to **level 4** !
558826693817794561,MINECRAFT,bot-commands,0,
558826912701480964,MINECRAFT,minecraft,62,Hey <@!534888001910865923>_ you just advanced to **level 4** !
558827043089809419,MINECRAFT,bot-commands,0,
558827081530867727,MINECRAFT,bot-commands,0,
558827304000684043,MINECRAFT,minecraft,62,Hey <@!515846663496138772>_ you just advanced to **level 2** !
558827681110687746,MINECRAFT,off-topic,62,Hey <@!533316532973862932>_ you just advanced to **level 2** !
558828277293121577,Egg_ Inc,welcome,272,Hey <@399368722977914880>_ welcome to **Egg_ Inc**.NLNLPlease check out <#455385905499340813> _ <#455403745899970560> and <#455396915731890177> to get started. Post a screenshot of your prestige screen in <#455385874788777994> to get access to many more channels. Thank you!
558828618944610305,FlareTV - PewDiePie vs T-Series,commands,0,
558829326917828639,FlareTV - PewDiePie vs T-Series,commands,0,
558829370765213711,FlareTV - PewDiePie vs T-Series,commands,0,
558829380282089473,MINECRAFT,off-topic,63,Hey <@!459849126851510272>_ you just advanced to **level 13** !
558829708851019776,MINECRAFT,technical-bedrock,62,Hey <@!558765837390053426>_ you just advanced to **level 1** !
558829791982256138,MINECRAFT,minecraft,62,Hey <@!315209577928851456>_ you just advanced to **level 3** !
558829904360374272,MINECRAFT,minecraft,63,Hey <@!546031490622947328>_ you just advanced to **level 23** !
558829988334272522,Discord of a Wimpy Kid,r-garfriends,0,
558830609456168961,MINECRAFT,minecraft,62,Hey <@!530479993994739713>_ you just advanced to **level 1** !
558831132746055690,MINECRAFT,minecraft,62,Hey <@!515846663496138772>_ you just advanced to **level 3** !
558831204829495327,MINECRAFT,minecraft,62,Hey <@!428711561092399124>_ you just advanced to **level 5** !
558831261171318815,FlareTV - PewDiePie vs T-Series,commands,0,
558831333909069826,FlareTV - PewDiePie vs T-Series,commands,0,
558831335012040710,MINECRAFT,bot-commands,0,
558831377383030784,FlareTV - PewDiePie vs T-Series,commands,0,
558831420672311319,FlareTV - PewDiePie vs T-Series,commands,0,
558831425864990743,FlareTV - PewDiePie vs T-Series,commands,0,
558831468609142794,MINECRAFT,minecraft,62,Hey <@!446299708391161877>_ you just advanced to **level 1** !
558831562116956184,MINECRAFT,bot-commands,0,
558831584841826305,FlareTV - PewDiePie vs T-Series,commands,60,Hey fam! bella_ you need to wait  to use that command again!
558831742165712926,MINECRAFT,minecraft,62,Hey <@!252980043511234560>_ you just advanced to **level 5** !
558831819592564741,FlareTV - PewDiePie vs T-Series,commands,0,
558832714149658636,FlareTV - PewDiePie vs T-Series,commands,0,
558833021210329090,MINECRAFT,bot-commands,0,
558833382201622549,FlareTV - PewDiePie vs T-Series,commands,0,
558833411884580890,FlareTV - PewDiePie vs T-Series,commands,0,
558833565941628948,FlareTV - PewDiePie vs T-Series,commands,0,
558833663199019009,FlareTV - PewDiePie vs T-Series,commands,0,
558833683356844042,/r/oldpeoplefacebook,mess-hall-and-bridge,338,Want to earn :corn::moneybag::corn:? Try these commands:NLNL.workNL.slutNL.crimeNL.rob <member>NLNLIf you're a high roller_ buy access to the Billionaire ClubNL.buy-item Billionaire PassNLNLBet your money to earn more:NL.slot <bet amount>NL.blackjack <bet amount>NL.roulette <bet amount> <space>NL.russian-roulette <bet amount>NL.cock-fight <bet amount>
558833723840135200,FlareTV - PewDiePie vs T-Series,commands,0,
558833825652801551,MINECRAFT,minecraft,62,Hey <@!400845675371298836>_ you just advanced to **level 3** !
558833951574327308,FlareTV - PewDiePie vs T-Series,commands,0,
558833954032189460,Egg_ Inc,welcome,272,Hey <@385953310542266368>_ welcome to **Egg_ Inc**.NLNLPlease check out <#455385905499340813> _ <#455403745899970560> and <#455396915731890177> to get started. Post a screenshot of your prestige screen in <#455385874788777994> to get access to many more channels. Thank you!
558833972239663137,FlareTV - PewDiePie vs T-Series,commands,0,
558834069626945536,MINECRAFT,minecraft,62,Hey <@!553793743661170698>_ you just advanced to **level 1** !
558834228205322250,MINECRAFT,minecraft,87,The Camper_ this command is disabled in this channel. <:SMILESWEAT6:403540174069432320>
558834273235370017,MINECRAFT,bot-commands,0,
558834345696165889,FlareTV - PewDiePie vs T-Series,commands,0,
558834379225301003,FlareTV - PewDiePie vs T-Series,commands,140,Go check **FlareTV - PewDiePie vs T-Series**'s leaderboard here https://mee6.xyz/leaderboard/513855202797813791. <:WINK6:403540173566115840>
558834680653152256,Discord of a Wimpy Kid,r-garfriends,0,
558834751776227369,MINECRAFT,off-topic,62,Hey <@!334822454243491841>_ you just advanced to **level 1** !
558834882483191808,MINECRAFT,off-topic,62,Hey <@!408997472648560650>_ you just advanced to **level 3** !
558835490481111042,MINECRAFT,minecraft,62,Hey <@!550816499531776012>_ you just advanced to **level 1** !
558835754802085900,FlareTV - PewDiePie vs T-Series,commands,0,
558836369032478750,MINECRAFT,minecraft,62,Hey <@!189919848367652866>_ you just advanced to **level 1** !
558836546644738049,MINECRAFT,minecraft,80,tlb_ this command is disabled in this channel. <:SMILESWEAT6:403540174069432320>
558836683404083221,FlareTV - PewDiePie vs T-Series,commands,0,
558836700118515722,FlareTV - PewDiePie vs T-Series,commands,0,
558836702546886657,FlareTV - PewDiePie vs T-Series,commands,140,Go check **FlareTV - PewDiePie vs T-Series**'s leaderboard here https://mee6.xyz/leaderboard/513855202797813791. <:WINK6:403540173566115840>
558836725808365589,FlareTV - PewDiePie vs T-Series,commands,0,
558836874568007693,MINECRAFT,off-topic,63,Hey <@!147387835954102272>_ you just advanced to **level 13** !
558837055346704386,FlareTV - PewDiePie vs T-Series,commands,0,
558837067983880192,FlareTV - PewDiePie vs T-Series,commands,0,
558837074443108388,FlareTV - PewDiePie vs T-Series,commands,0,
558837242249084928,MINECRAFT,off-topic,62,Hey <@!551518374027329688>_ you just advanced to **level 5** !
558837250327314475,FlareTV - PewDiePie vs T-Series,commands,0,
558837289342468131,FlareTV - PewDiePie vs T-Series,commands,0,
558837306597834753,FlareTV - PewDiePie vs T-Series,commands,0,
558838029452705808,MINECRAFT,minecraft,62,Hey <@!252972003043180545>_ you just advanced to **level 2** !
558838313423863871,MINECRAFT,bot-commands,0,
558838413802078214,MINECRAFT,minecraft,62,Hey <@!411535547530477580>_ you just advanced to **level 4** !
558839019098603520,MINECRAFT,off-topic,62,Hey <@!364465237975629835>_ you just advanced to **level 1** !
558839392484065301,FlareTV - PewDiePie vs T-Series,commands,0,
558839422469275658,FlareTV - PewDiePie vs T-Series,commands,0,
558839441066688514,FlareTV - PewDiePie vs T-Series,commands,0,
558839775893782548,MINECRAFT,minecraft,62,Hey <@!537201531175567360>_ you just advanced to **level 5** !
558840000322469899,FlareTV - PewDiePie vs T-Series,commands,0,
558840037803032586,MINECRAFT,minecraft,105,Dark no lie your mic is loud_ this command is disabled in this channel. <:SMILESWEAT6:403540174069432320>
558840069969149954,MINECRAFT,minecraft,62,Hey <@!332669879603822600>_ you just advanced to **level 2** !
558840128626360321,MINECRAFT,minecraft,62,Hey <@!527144589375569931>_ you just advanced to **level 1** !
558840230715588619,FlareTV - PewDiePie vs T-Series,commands,0,
558840234498850819,MINECRAFT,bot-commands,0,
558840268577570816,MINECRAFT,minecraft,89,DanielOgStar_ this command is disabled in this channel. <:SMILESWEAT6:403540174069432320>
558840411137769483,FlareTV - PewDiePie vs T-Series,commands,0,
558840527538094092,FlareTV - PewDiePie vs T-Series,commands,0,
558840551492026378,FlareTV - PewDiePie vs T-Series,commands,0,
558840607296978948,FlareTV - PewDiePie vs T-Series,commands,0,
558840690675810314,MINECRAFT,off-topic,62,Hey <@!468064264301576202>_ you just advanced to **level 1** !
558841280646479903,FlareTV - PewDiePie vs T-Series,commands,0,
558841320395767828,FlareTV - PewDiePie vs T-Series,commands,0,
558841373193666587,FlareTV - PewDiePie vs T-Series,commands,85,Hey fam! ^-^King Potatoesâ–ˆâ–€â–ˆ â–ˆâ–„â–ˆ â–€â–ˆâ–€^-^_ you need to wait  to use that command again!
558841439874711562,FlareTV - PewDiePie vs T-Series,commands,85,Hey fam! ^-^King Potatoesâ–ˆâ–€â–ˆ â–ˆâ–„â–ˆ â–€â–ˆâ–€^-^_ you need to wait  to use that command again!
558841666765848590,FlareTV - PewDiePie vs T-Series,commands,0,
558841882843807766,MINECRAFT,bot-commands,0,
558841954138587137,FlareTV - PewDiePie vs T-Series,commands,0,
558842042889928734,FlareTV - PewDiePie vs T-Series,commands,0,
558842083419488256,MINECRAFT,minecraft,62,Hey <@!553021994124181507>_ you just advanced to **level 1** !
558842161450319872,MINECRAFT,bot-commands,0,
558842259018350592,MINECRAFT,bot-commands,0,
558842259970457650,MINECRAFT,bot-commands,0,
558842260918239250,MINECRAFT,bot-commands,0,
558842402232729600,MINECRAFT,bot-commands,118,Go check **MINECRAFT**'s leaderboard here https://mee6.xyz/leaderboard/302094807046684672. <:WINK6:403540173566115840>
558842454187573249,MINECRAFT,off-topic,62,Hey <@!556939442074419231>_ you just advanced to **level 4** !
558842613172797451,MINECRAFT,minecraft,62,Hey <@!106765406982660096>_ you just advanced to **level 5** !
558842738456657922,FlareTV - PewDiePie vs T-Series,commands,0,
558842797323452440,/r/oldpeoplefacebook,buffet-line,48,**PurpleSmart4#2743** IS WITH THE LORD NOW ðŸ˜‚ðŸ˜‚ðŸ˜‚ðŸ˜‚ðŸ˜‚
558842840474583040,FlareTV - PewDiePie vs T-Series,commands,0,
558843213344014398,FlareTV - PewDiePie vs T-Series,commands,0,
558843265340801065,FlareTV - PewDiePie vs T-Series,commands,0,
558843631981559808,MINECRAFT,minecraft,62,Hey <@!473994679831101466>_ you just advanced to **level 1** !
558843873309491243,FlareTV - PewDiePie vs T-Series,commands,0,
558843993669107725,FlareTV - PewDiePie vs T-Series,commands,0,
558844380295856128,Discord of a Wimpy Kid,r-garfriends,0,
558844432242311179,MINECRAFT,minecraft,62,Hey <@!484874259165085696>_ you just advanced to **level 1** !
558844440177803265,MINECRAFT,technical-java,62,Hey <@!108682507163041792>_ you just advanced to **level 2** !
558844564492910592,MINECRAFT,minecraft,62,Hey <@!541488338725765133>_ you just advanced to **level 1** !
558844747431673856,MINECRAFT,off-topic,62,Hey <@!339048331533746177>_ you just advanced to **level 3** !
558845186080243722,MINECRAFT,minecraft,62,Hey <@!545119209336602624>_ you just advanced to **level 2** !
558845237154545675,MINECRAFT,bot-commands,0,
558845317685182504,Discord of a Wimpy Kid,r-lodeddiper,0,
558845343639535618,FlareTV - PewDiePie vs T-Series,commands,0,
558845378137554985,FlareTV - PewDiePie vs T-Series,commands,0,
558845418776035370,MINECRAFT,bot-commands,0,
558845823702663169,FlareTV - PewDiePie vs T-Series,commands,0,
558846456136466433,Discord of a Wimpy Kid,r-lodeddiper,0,
558846750085873667,MINECRAFT,minecraft,62,Hey <@!558831165210099736>_ you just advanced to **level 1** !
558846815160500234,MINECRAFT,minecraft,89,Kaniko_Salad_ this command is disabled in this channel. <:SMILESWEAT6:403540174069432320>
558847060292665345,MINECRAFT,bot-commands,0,
558847100084027425,MINECRAFT,minecraft,96,Its Diamondcraft 50_ this command is disabled in this channel. <:SMILESWEAT6:403540174069432320>
558847161983434806,MINECRAFT,bot-commands,0,
558847335262584855,FlareTV - PewDiePie vs T-Series,commands,0,
558847339448500246,FlareTV - PewDiePie vs T-Series,commands,0,
558847370616504321,FlareTV - PewDiePie vs T-Series,commands,140,Go check **FlareTV - PewDiePie vs T-Series**'s leaderboard here https://mee6.xyz/leaderboard/513855202797813791. <:WINK6:403540173566115840>
558847401054437379,FlareTV - PewDiePie vs T-Series,commands,0,
558847655757742081,MINECRAFT,off-topic,62,Hey <@!323691018493100032>_ you just advanced to **level 5** !
558848504630345738,Comedy Heaven,general,0,
558848552378433543,Comedy Heaven,general,0,
558848838853722132,MINECRAFT,support,62,Hey <@!492411406885453834>_ you just advanced to **level 4** !
558848872915402765,MINECRAFT,bot-commands,0,
558849202948407306,Comedy Heaven,general,0,
558849691022786563,MINECRAFT,skins-n-textures,63,Hey <@!304814785835302913>_ you just advanced to **level 20** !
558850017528643594,MINECRAFT,minecraft,62,Hey <@!484874259165085696>_ you just advanced to **level 2** !
558850053033295872,Discord of a Wimpy Kid,r-lodeddiper,0,
558850064328556585,MINECRAFT,minecraft,62,Hey <@!558451897028182029>_ you just advanced to **level 1** !
558850232985714737,Discord of a Wimpy Kid,r-lodeddiper,0,
558850343547437092,Comedy Heaven,general,0,
558850380595986452,Discord of a Wimpy Kid,mutedvc,0,
558850496014581770,Discord of a Wimpy Kid,r-lodeddiper,0,
558850616953143306,MINECRAFT,minecraft,62,Hey <@!315209577928851456>_ you just advanced to **level 4** !
558850636771491840,Discord of a Wimpy Kid,r-lodeddiper,0,
558850708707999764,MINECRAFT,bot-commands,0,
558851157477425153,FlareTV - PewDiePie vs T-Series,commands,0,
558851238146342924,FlareTV - PewDiePie vs T-Series,commands,0,
558851344128278528,MINECRAFT,off-topic,62,Hey <@!556939442074419231>_ you just advanced to **level 5** !
558851421387358208,MINECRAFT,minecraft,62,Hey <@!531093771060903947>_ you just advanced to **level 1** !
558852027124416573,Discord of a Wimpy Kid,r-lodeddiper,0,
558852104660320282,MINECRAFT,bot-commands,0,
558852238236319749,FlareTV - PewDiePie vs T-Series,commands,0,
558852242627625010,Discord of a Wimpy Kid,r-fuckmanny,0,
558852600934694932,MINECRAFT,off-topic,94,dm me if you need me_ it doesn't look like you can use that. <:SMILESWEAT6:403540174069432320>
558852900768448521,MINECRAFT,off-topic,62,Hey <@!303966303608242176>_ you just advanced to **level 1** !
558853102157955102,Discord of a Wimpy Kid,music,0,
558853261424066561,Comedy Heaven,general,0,
558853399836229633,FlareTV - PewDiePie vs T-Series,commands,0,
558853764434362371,Discord of a Wimpy Kid,music,0,
558854335665012747,MINECRAFT,minecraft,62,Hey <@!385323105842757633>_ you just advanced to **level 1** !
558854519442636801,MINECRAFT,minecraft,62,Hey <@!324721328299180033>_ you just advanced to **level 1** !
558854657716518913,FlareTV - PewDiePie vs T-Series,commands,0,
558854737626398720,FlareTV - PewDiePie vs T-Series,commands,0,
558854837777858570,FlareTV - PewDiePie vs T-Series,commands,0,
558854910737907712,MINECRAFT,bot-commands,0,
558854911568117780,MINECRAFT,bot-commands,0,
558854912247857183,MINECRAFT,bot-commands,0,
558855154938544138,MINECRAFT,off-topic,62,Hey <@!478281455408119838>_ you just advanced to **level 1** !
558855370622238740,FlareTV - PewDiePie vs T-Series,commands,0,
558855461432983563,MINECRAFT,minecraft,63,Hey <@!537731814601785346>_ you just advanced to **level 23** !
558855822004715521,MINECRAFT,bot-commands,0,
558855958546219076,Discord of a Wimpy Kid,music,0,
558856021016051712,MINECRAFT,bot-commands,0,
558856329943318552,MINECRAFT,minecraft,62,Hey <@!280854583566401536>_ you just advanced to **level 4** !
558856521488924672,MINECRAFT,bot-commands,732,**Please note that members must reach the rank of Stone Miner in order to apply.**NLNLIf you want to apply to our community bedrock or java realms_ write a comment to the <#304638558113759232> or <#358003254191456257> channel and include answers to the following:NLNL:banana: reddit username (optional)NLNL:video_game: Xbox/Java username or IGNNLNL<:villager:302438918048186368> are you currently or have you previously been a member of another realm or server? if yes_ where?NLNL:camera_with_flash: share photos or describe your favorite build you have made (use imgur or your preferred source) NLNL:microphone: tell us a bit about yourself! NLNL**please include your entire application in one comment.**NLNL*for a sample application_ type ?t app*
558856831229755392,Comedy Heaven,general,0,
558856833713045504,MINECRAFT,minecraft,62,Hey <@!553792407049601066>_ you just advanced to **level 1** !
558856938494885908,Comedy Heaven,general,0,
558857040236249089,Comedy Heaven,general,0,
558857399876976673,MINECRAFT,bot-commands,0,
558857418562600960,MINECRAFT,builds,87,GopalGamer_ this command is disabled in this channel. <:SMILESWEAT6:403540174069432320>
558857472115343390,Comedy Heaven,general,0,
558857478109134863,Comedy Heaven,general,0,
558857503325290496,MINECRAFT,minecraft,62,Hey <@!352429250734981132>_ you just advanced to **level 1** !
558857558241181709,Comedy Heaven,general,0,
558857580722651146,MINECRAFT,bot-commands,0,
558857601979514893,Comedy Heaven,general,0,
558857605573902336,Comedy Heaven,general,0,
558857672842018834,Comedy Heaven,general,0,
558857695000788995,Comedy Heaven,general,0,
558857771425202197,Comedy Heaven,general,0,
558857827355983872,Comedy Heaven,general,0,
558857834398482432,Comedy Heaven,general,0,
558857888446021643,MINECRAFT,bot-commands,0,
558857903918940160,Comedy Heaven,general,0,
558857963633246233,Comedy Heaven,general,0,
558857983359057941,Comedy Heaven,general,0,
558858042439893022,Comedy Heaven,general,0,
558858058969907201,Comedy Heaven,general,0,
558858152670396416,Comedy Heaven,general,0,
558858250783817738,MINECRAFT,bot-commands,0,
558858257322737667,MINECRAFT,off-topic,63,Hey <@!240989396122337282>_ you just advanced to **level 59** !
558858287454617641,Comedy Heaven,general,0,
558858357491105794,Comedy Heaven,general,0,
558858464659505154,MINECRAFT,bot-commands,0,
558858605307101185,MINECRAFT,bot-commands,0,
558858720734478347,MINECRAFT,bot-commands,0,
558858795095162895,MINECRAFT,bot-commands,0,
558858981397757953,MINECRAFT,bot-commands,0,
558859006295408653,MINECRAFT,bot-commands,0,
558859038972969040,MINECRAFT,bot-commands,0,
558859169067827200,MINECRAFT,bot-commands,0,
558859469778583564,Discord of a Wimpy Kid,r-lodeddiper,0,
558859474304106496,Comedy Heaven,general,0,
558860089373491214,MINECRAFT,minecraft,62,Hey <@!315209577928851456>_ you just advanced to **level 5** !
558860162706964480,MINECRAFT,minecraft,80,FBI_ this command is disabled in this channel. <:SMILESWEAT6:403540174069432320>
558860427229134858,Egg_ Inc,welcome,272,Hey <@317999239030505486>_ welcome to **Egg_ Inc**.NLNLPlease check out <#455385905499340813> _ <#455403745899970560> and <#455396915731890177> to get started. Post a screenshot of your prestige screen in <#455385874788777994> to get access to many more channels. Thank you!
558860590500544513,MINECRAFT,minecraft,62,Hey <@!240936665403621377>_ you just advanced to **level 2** !
558860657139646474,MINECRAFT,minecraft,62,Hey <@!389296228107681796>_ you just advanced to **level 2** !
558860747266850826,MINECRAFT,bot-commands,0,
558860983599366161,MINECRAFT,off-topic,62,Hey <@!435046828031868938>_ you just advanced to **level 2** !
558860988980396044,MINECRAFT,bot-commands,118,Go check **MINECRAFT**'s leaderboard here https://mee6.xyz/leaderboard/302094807046684672. <:WINK6:403540173566115840>
558861086837964850,MINECRAFT,minecraft,62,Hey <@!322046172648964096>_ you just advanced to **level 9** !
558861203988938764,MINECRAFT,minecraft,62,Hey <@!522647837343875092>_ you just advanced to **level 2** !
558862121329229864,MINECRAFT,off-topic,62,Hey <@!556939442074419231>_ you just advanced to **level 6** !
558862174173528076,MINECRAFT,off-topic,62,Hey <@!333914956963512320>_ you just advanced to **level 1** !
558862278905036823,MINECRAFT,off-topic,62,Hey <@!478281455408119838>_ you just advanced to **level 2** !
558862610917752852,MINECRAFT,off-topic,62,Hey <@!538934333050847232>_ you just advanced to **level 1** !
558862730069540865,FlareTV - PewDiePie vs T-Series,commands,0,
558862755915104266,FlareTV - PewDiePie vs T-Series,commands,140,Go check **FlareTV - PewDiePie vs T-Series**'s leaderboard here https://mee6.xyz/leaderboard/513855202797813791. <:WINK6:403540173566115840>
558863158928867364,MINECRAFT,minecraft,62,Hey <@!558857592982601728>_ you just advanced to **level 1** !
558863295122243596,Comedy Heaven,bot-commands,0,
558863397660262437,Discord of a Wimpy Kid,general,60,Oh_ cool. <@!262781088500285440>_ you just reached level 14!
558863552706904094,Discord of a Wimpy Kid,general,60,Oh_ cool. <@!523930253769572373>_ you just reached level 33!
558863826804801557,FlareTV - PewDiePie vs T-Series,commands,0,
558863857469227029,FlareTV - PewDiePie vs T-Series,commands,140,Go check **FlareTV - PewDiePie vs T-Series**'s leaderboard here https://mee6.xyz/leaderboard/513855202797813791. <:WINK6:403540173566115840>
558863985995153429,Discord of a Wimpy Kid,r-lodeddiper,0,
558864416620150804,Discord of a Wimpy Kid,mutedvc,60,Oh_ cool. <@!499771809038598145>_ you just reached level 16!
558865275332722716,MINECRAFT,support,62,Hey <@!558857592982601728>_ you just advanced to **level 2** !
558865857443266561,MINECRAFT,technical-java,62,Hey <@!311749909160132608>_ you just advanced to **level 1** !
558865883875901441,MINECRAFT,bot-commands,0,
558866259811237907,MINECRAFT,minecraft,62,Hey <@!490439293547053066>_ you just advanced to **level 3** !
558867045270290452,MINECRAFT,minecraft,62,Hey <@!558780317008396289>_ you just advanced to **level 1** !
558867327219793955,FlareTV - PewDiePie vs T-Series,commands,0,
558867414779953153,FlareTV - PewDiePie vs T-Series,commands,64,Hey fam! DANKâ‚µâ±§Å‚â‚­Ã˜_ you need to wait  to use that command again!
558867476222574593,FlareTV - PewDiePie vs T-Series,commands,0,
558867915613667328,MINECRAFT,off-topic,62,Hey <@!555387138808610825>_ you just advanced to **level 1** !
558868101593300992,MINECRAFT,off-topic,63,Hey <@!417088474743832606>_ you just advanced to **level 11** !
558868259064119296,MINECRAFT,off-topic,88,Minecrafted_ this command is disabled in this channel. <:SMILESWEAT6:403540174069432320>
558868263707344906,MINECRAFT,off-topic,88,Minecrafted_ this command is disabled in this channel. <:SMILESWEAT6:403540174069432320>
558868284611756052,MINECRAFT,off-topic,88,Minecrafted_ this command is disabled in this channel. <:SMILESWEAT6:403540174069432320>
558868286733811737,MINECRAFT,off-topic,88,Minecrafted_ this command is disabled in this channel. <:SMILESWEAT6:403540174069432320>
558868289581744137,MINECRAFT,off-topic,88,Minecrafted_ this command is disabled in this channel. <:SMILESWEAT6:403540174069432320>
558868309269938177,MINECRAFT,off-topic,88,Minecrafted_ this command is disabled in this channel. <:SMILESWEAT6:403540174069432320>
558868328874246146,MINECRAFT,bot-commands,0,
558868441071878146,MINECRAFT,bot-commands,0,
558868465008771082,MINECRAFT,off-topic,88,Minecrafted_ this command is disabled in this channel. <:SMILESWEAT6:403540174069432320>
558868675864690710,MINECRAFT,bot-commands,0,
558868698321125391,MINECRAFT,bot-commands,0,
558868770379137024,MINECRAFT,off-topic,88,Minecrafted_ this command is disabled in this channel. <:SMILESWEAT6:403540174069432320>
558868774649069588,MINECRAFT,off-topic,88,Minecrafted_ this command is disabled in this channel. <:SMILESWEAT6:403540174069432320>
558868857595363330,MINECRAFT,bot-commands,0,
558869000692432898,MINECRAFT,bot-commands,0,
558869200320462878,MINECRAFT,bot-commands,0,
558869201243078667,MINECRAFT,bot-commands,0,
558869202048385024,MINECRAFT,bot-commands,0,
558869291521277954,MINECRAFT,minecraft,62,Hey <@!393816421475287040>_ you just advanced to **level 1** !
558869440410943498,MINECRAFT,technical-java,62,Hey <@!293544780011667457>_ you just advanced to **level 1** !
558869475039117327,MINECRAFT,bot-commands,0,
558869719030169601,MINECRAFT,off-topic,62,Hey <@!558780317008396289>_ you just advanced to **level 2** !
558869722184155136,MINECRAFT,minecraft,62,Hey <@!551342215205486594>_ you just advanced to **level 1** !
558869741742063628,Discord of a Wimpy Kid,general,0,
558869755298316310,MINECRAFT,minecraft,62,Hey <@!418092410376028170>_ you just advanced to **level 2** !
558869758922194956,MINECRAFT,technical-java,62,Hey <@!330549925215731722>_ you just advanced to **level 1** !
558869793378402315,Discord of a Wimpy Kid,spam,0,
558869857051869195,Discord of a Wimpy Kid,general,0,
558870166096707594,Discord of a Wimpy Kid,general,0,
558870169775243271,FlareTV - PewDiePie vs T-Series,commands,0,
558870298703691789,MINECRAFT,minecraft,105,will gonzalez_10283736737112_ this command is disabled in this channel. <:SMILESWEAT6:403540174069432320>
558870526320312355,MINECRAFT,bot-commands,0,
558870703613673487,MINECRAFT,off-topic,62,Hey <@!555387138808610825>_ you just advanced to **level 2** !
558871258733871107,MINECRAFT,minecraft,62,Hey <@!253699775377965056>_ you just advanced to **level 8** !
558871267965534225,MINECRAFT,bot-commands,0,
558871285162311681,MINECRAFT,bot-commands,0,
558871389495492611,FlareTV - PewDiePie vs T-Series,commands,0,
558872072370126880,MINECRAFT,bot-commands,61,Seems like you aren't ranked yet. <:HEHE6:403540176464379925>
558872121863045138,/r/oldpeoplefacebook,ballroom-dancing,129,Go check **/r/oldpeoplefacebook**'s leaderboard here https://mee6.xyz/leaderboard/461151713487749120. <:WINK6:403540173566115840>
558872518946062337,FlareTV - PewDiePie vs T-Series,commands,0,
558872567725817876,/r/oldpeoplefacebook,ballroom-dancing,39,Try ordering corn. Just type !ordercorn
558990788160258069,FlareTV - PewDiePie vs T-Series,commands,0,
558990839574036481,FlareTV - PewDiePie vs T-Series,commands,0,
558990897354768414,FlareTV - PewDiePie vs T-Series,commands,70,Hey fam! ChingChung_Ying_ you need to wait  to use that command again!
558990946596028418,FlareTV - PewDiePie vs T-Series,commands,0,
558991005316022272,FlareTV - PewDiePie vs T-Series,commands,0,
558991063935877122,FlareTV - PewDiePie vs T-Series,commands,0,
558991084580241418,FlareTV - PewDiePie vs T-Series,commands,64,Hey fam! DANKâ‚µâ±§Å‚â‚­Ã˜_ you need to wait  to use that command again!
558991096269766668,MINECRAFT,off-topic,62,Hey <@!459426025676472350>_ you just advanced to **level 1** !
558991906416361477,MINECRAFT,minecraft,62,Hey <@!360443609545179137>_ you just advanced to **level 1** !
558992216354455573,FlareTV - PewDiePie vs T-Series,commands,0,
558992526191624203,MINECRAFT,bot-commands,0,
558993150983536641,MINECRAFT,bot-commands,0,
558993337391120405,FlareTV - PewDiePie vs T-Series,commands,0,
558993369272156171,FlareTV - PewDiePie vs T-Series,commands,65,Hey fam! RetroColtZ_ you need to wait  to use that command again!
558993413954076683,FlareTV - PewDiePie vs T-Series,commands,0,
558993502176935946,FlareTV - PewDiePie vs T-Series,commands,140,Go check **FlareTV - PewDiePie vs T-Series**'s leaderboard here https://mee6.xyz/leaderboard/513855202797813791. <:WINK6:403540173566115840>
558993503909052446,FlareTV - PewDiePie vs T-Series,commands,0,
558993704409628683,FlareTV - PewDiePie vs T-Series,commands,0,
558993976942919699,MINECRAFT,dedicated-server-feedback,257,:exclamation: suggestions for improving the game_ adding features_ adjusting gameplay parameters must be posted to https://feedback.minecraft.net and upvoted in order to be considered actionable by the development team.NLNLas always_ search before you post!
558994517513076736,MINECRAFT,minecraft,62,Hey <@!485841966127644692>_ you just advanced to **level 1** !
558994519757160459,MINECRAFT,minecraft,62,Hey <@!358266646311206922>_ you just advanced to **level 7** !
558994619296382978,Discord of a Wimpy Kid,spam,0,
558995437281869825,Egg_ Inc,bot-commands,195,Please post all contract discussion in <#455385744274620416> (or the various other farmer channels) and all co-op code recruitment in <#455385719301472286> (or the various other farmer channels).
558995503497347088,Discord of a Wimpy Kid,spam,0,
558995504034349076,Egg_ Inc,bot-commands,77,Hey_ I just got a notification from the game! Wait. Nope_ not a contract yet.
558995523185410098,FlareTV - PewDiePie vs T-Series,commands,140,Go check **FlareTV - PewDiePie vs T-Series**'s leaderboard here https://mee6.xyz/leaderboard/513855202797813791. <:WINK6:403540173566115840>
558995561760423943,Discord of a Wimpy Kid,spam,131,Go check **Discord of a Wimpy Kid**'s leaderboard here https://mee6.xyz/leaderboard/477823719331463169. <:WINK6:403540173566115840>
558995852937658369,MINECRAFT,bot-commands,0,
558996064024264725,FlareTV - PewDiePie vs T-Series,commands,0,
558996082756157441,MINECRAFT,bot-commands,0,
558996223600754699,FlareTV - PewDiePie vs T-Series,commands,0,
558996480342622228,MINECRAFT,beta-n-bugs,62,Hey <@!537360299456462852>_ you just advanced to **level 1** !
558996481567227929,MINECRAFT,minecraft,61,Hey <@!77816242232107008>_ you just advanced to **level 5** !
558996662886989828,FlareTV - PewDiePie vs T-Series,commands,0,
558997324689571841,FlareTV - PewDiePie vs T-Series,commands,0,
559001603005218826,MINECRAFT,minecraft,81,Abod_ this command is disabled in this channel. <:SMILESWEAT6:403540174069432320>
559001687491084298,MINECRAFT,bot-commands,118,Go check **MINECRAFT**'s leaderboard here https://mee6.xyz/leaderboard/302094807046684672. <:WINK6:403540173566115840>
559002278170853378,FlareTV - PewDiePie vs T-Series,commands,0,
559002342205423617,FlareTV - PewDiePie vs T-Series,commands,0,
559002401055440904,MINECRAFT,minecraft,62,Hey <@!450107065919209472>_ you just advanced to **level 8** !
559002415232188419,MINECRAFT,minecraft,63,Hey <@!486219260293545988>_ you just advanced to **level 29** !
559002479015100420,MINECRAFT,minecraft,0,
559002480135110657,MINECRAFT,minecraft,0,
559002481229692949,MINECRAFT,minecraft,0,
559002582517809173,MINECRAFT,minecraft,49,<@!449904234394157066> was blown up by a creeper!
559002606060699648,MINECRAFT,minecraft,49,<@!449904234394157066> was blown up by a creeper!
559002631050100743,MINECRAFT,minecraft,27,**Worst Realm Ever Coords**
559002633655025694,MINECRAFT,minecraft,49,<@!171200846825127936> was blown up by a creeper!
559002636347506689,MINECRAFT,bot-commands,0,
559002660536320010,MINECRAFT,minecraft,27,**Worst Realm Ever Coords**
559002674771656724,MINECRAFT,minecraft,27,**Worst Realm Ever Coords**
559002782066016272,Discord of a Wimpy Kid,r-lodeddiper,0,
559002988845334530,MINECRAFT,bot-commands,0,
559003317792014346,Discord of a Wimpy Kid,r-fuckmanny,0,
559003544724701195,FlareTV - PewDiePie vs T-Series,commands,0,
559004022133096459,FlareTV - PewDiePie vs T-Series,commands,0,
559004301415022592,MINECRAFT,technical-bedrock,62,Hey <@!275279457714044928>_ you just advanced to **level 5** !
559004412606021672,FlareTV - PewDiePie vs T-Series,commands,0,
559004527559180298,FlareTV - PewDiePie vs T-Series,commands,140,Go check **FlareTV - PewDiePie vs T-Series**'s leaderboard here https://mee6.xyz/leaderboard/513855202797813791. <:WINK6:403540173566115840>
559004856354996246,MINECRAFT,bot-commands,0,
559004872532295701,FlareTV - PewDiePie vs T-Series,commands,0,
559004893927702530,MINECRAFT,bot-commands,0,
559004895781584907,FlareTV - PewDiePie vs T-Series,commands,0,
559004928589430794,MINECRAFT,bot-commands,0,
559004950718447653,MINECRAFT,bot-commands,0,
559005204582891520,Discord of a Wimpy Kid,r-lodeddiper,0,
559005994445963265,MINECRAFT,dedicated-server-feedback,62,Hey <@!307096767265243136>_ you just advanced to **level 1** !
559006371916283907,MINECRAFT,minecraft,62,Hey <@!557111173154209797>_ you just advanced to **level 3** !
559006467689021461,MINECRAFT,bot-commands,0,
559006706110169088,MINECRAFT,minecraft,62,Hey <@!438299294794252289>_ you just advanced to **level 1** !
559007453161717760,MINECRAFT,off-topic,84,Retake2_ this command is disabled in this channel. <:SMILESWEAT6:403540174069432320>
559007489396441119,MINECRAFT,bot-commands,0,
559007578349371403,MINECRAFT,minecraft,62,Hey <@!299901079003594752>_ you just advanced to **level 1** !
559008482322284545,FlareTV - PewDiePie vs T-Series,commands,0,
559008501788180511,MINECRAFT,minecraft,62,Hey <@!298491523459317762>_ you just advanced to **level 3** !
559008552778203136,FlareTV - PewDiePie vs T-Series,commands,0,
559008596432650261,FlareTV - PewDiePie vs T-Series,commands,0,
